acc_x,acc_y,acc_z,gyro_x,gyro_y,gyro_z,timestamp
0.01275,-0.24725,-0.0715,0.0074004997,0.0012055,0.0022277501,1741836128.048343
0.01075,-0.24325,-0.0515,0.00520325,0.000534,0.00177,1741836128.062944
0.0105,-0.2475,-0.04675,-1.5250001e-05,0.001831,0.002121,1741836128.0766358
0.0115,-0.2555,-0.0585,-0.00125125,0.00251775,0.003128,1741836128.091472
0.00925,-0.242,-0.06625,-0.00035100002,0.0021819999,0.0043335,1741836128.106124
0.0025,-0.22775,-0.04875,0.00019825,0.0012970001,0.0036010002,1741836128.1207402
0.0005,-0.23,-0.04,-0.0007935,0.0019989999,0.00074775,1741836128.1352901
0.00825,-0.25475,-0.056,-0.00131225,0.0025787498,-0.00045775,1741836128.1499279
0.01025,-0.263,-0.06125,-0.00029,0.001114,-0.00045775,1741836128.164646
0.007,-0.24975,-0.0475,0.00099175,0.00036625,-0.00010675,1741836128.179243
0.0065,-0.2435,-0.047,0.00146475,0.00027475,-0.00013725001,1741836128.1939101
0.008,-0.245,-0.0505,0.000183,0.00061025,-0.00077825,1741836128.208439
0.011,-0.24625,-0.05325,-0.00019825,0.00071725,-0.00083925005,1741836128.22399
0.01075,-0.2405,-0.05225,-0.00102225,0.0012817499,-0.000946,1741836128.237941
0.00925,-0.23675,-0.05075,-0.002243,0.001648,-0.00125125,1741836128.252609
0.00975,-0.23975,-0.052,-0.0043944996,0.001831,-0.00157175,1741836128.2673652
0.011,-0.24025,-0.0545,-0.0041044997,0.0014495,-0.00149525,1741836128.28207
0.0105,-0.23875,-0.0545,-0.0021057501,0.00067150005,-0.00175475,1741836128.296732
0.00675,-0.24175,-0.05025,-0.00148,0.00035100002,-0.002121,1741836128.311417
0.005,-0.247,-0.04575,-0.0009155,0.00016775,-0.0023497501,1741836128.32615
0.004,-0.25025,-0.044,-0.00039675,0.00033575002,-0.0019989999,1741836128.3409338
0.004,-0.25,-0.04425,-0.0002595,0.000534,-0.0011445,1741836128.355615
0.005,-0.25075,-0.044,-0.0009155,0.0005035,-0.0009155,1741836128.3704
0.00575,-0.25125,-0.04275,-7.625e-05,0.00030525,-0.00074775,1741836128.385153
0.008,-0.258,-0.0385,0.001648,0.0002135,-0.00054925,1741836128.399848
0.0115,-0.259,-0.03925,0.0033722501,0.0003205,0.0005645,1741836128.414537
0.0155,-0.252,-0.06375,0.0038605002,-0.000122000005,0.0012817499,1741836128.4291682
0.01525,-0.25925,-0.115,0.0074004997,-0.009719751,0.004242,1741836128.444541
0.0155,-0.3245,-0.37675,0.00646975,-0.02363575,0.007553,1741836128.458555
-0.0,-0.34375,-0.57425,-0.012405501,-0.08256525,0.0167695,1741836128.4743779
-0.1155,-0.222,-0.798,-0.021453751,-0.123992994,0.018035999,1741836128.488441
-0.246,-0.104,-0.8135,-0.015274,-0.200058,0.0039825,1741836128.504492
-0.6175,-0.01475,-0.7445,0.0027465,-0.23191825,-0.0088195,1741836128.518347
-0.793,-0.0815,-0.641,0.04417425,-0.27310175,-0.0361785,1741836128.5332742
-0.88925,-0.1185,-0.25375,0.03898625,-0.27200323,-0.04995725,1741836128.54803
-0.80175,-0.16,-0.04525,-0.03854375,-0.2299195,-0.062149,1741836128.562937
-0.51975,-0.37375,0.43375,-0.06973275,-0.20025626,-0.05325325,1741836128.577753
-0.4265,-0.4175,0.69725,-0.07872,-0.14010625,-0.015976,1741836128.5925262
-0.3295,-0.34275,1.0,-0.066391,-0.10939025,0.000183,1741836128.607319
-0.298,-0.2445,1.0,-0.04391475,-0.070526004,0.0110625,1741836128.621909
-0.26675,-0.02925,0.6875,0.014510999,0.01794425,0.01808175,1741836128.636687
-0.24025,0.01775,0.39925,0.0341645,0.04756175,0.014099,1741836128.651207
-0.19025,-0.005,0.19475,0.050125,0.07542425,0.001068,1741836128.66576
-0.08325,-0.16475,0.02375,0.045349,0.0830535,-0.00378425,1741836128.680495
-0.0585,-0.22175,-0.053,0.022949249,0.08940125,-0.0052947504,1741836128.695095
-0.04775,-0.238,-0.22025,0.015747,0.0855255,-0.0036315,1741836128.7099562
-0.0435,-0.23025,-0.26625,0.0072480002,0.061523497,-0.0042572496,1741836128.724666
-0.0285,-0.25175,-0.234,0.0020905002,0.04689025,-0.006546,1741836128.739584
-0.02,-0.27625,-0.18625,-0.008194,0.0255585,-0.00883475,1741836128.75442
-0.00325,-0.3025,-0.06875,-0.010681249,0.019394,-0.0076295,1741836128.769343
0.00375,-0.29925,-0.01925,-0.00747675,0.015152001,-0.00305175,1741836128.785068
0.0065,-0.2695,0.0295,-0.00390625,0.016021749,-0.00093075,1741836128.798638
0.00275,-0.25525,0.0445,-0.0001525,0.01991275,0.00090025004,1741836128.8148239
-0.01025,-0.238,0.07225,-0.00036625,0.022643998,0.00102225,1741836128.8279092
-0.01675,-0.2335,0.08325,-0.0054015,0.0312195,0.00064075,1741836128.842541
-0.02625,-0.2395,0.0885,-0.008850001,0.03538525,-9.15e-05,1741836128.857226
-0.02625,-0.24675,0.08475,-0.01071175,0.040466253,-0.00099175,1741836128.871922
-0.0265,-0.25425,0.05525,-0.007904,0.04205325,-0.00045775,1741836128.886629
-0.02625,-0.2575,0.04525,0.00062550005,0.043167,0.00198375,1741836128.901365
-0.0225,-0.25625,0.0705,0.0052947504,0.044067502,0.0034942501,1741836128.91583
-0.02375,-0.253,0.0715,0.016128499,0.04841625,0.00643925,1741836128.9304461
-0.0295,-0.23525,0.04425,0.01835625,0.049408,0.0074920002,1741836128.94499
-0.02925,-0.22525,0.038,0.016998248,0.04957575,0.00767525,1741836128.9596841
-0.02875,-0.2195,0.02725,0.010101249,0.0529175,0.0056609996,1741836128.974518
-0.0285,-0.22925,0.01175,0.007782,0.0556335,0.0043335,1741836128.988854
-0.02725,-0.24225,-0.001,0.0058287503,0.05729675,0.0033570002,1741836129.0049338
-0.0195,-0.2605,-0.01475,0.0059815003,0.056778,0.0037385002,1741836129.017998
-0.01675,-0.26775,-0.02525,0.011016751,0.053131,0.00555425,1741836129.032575
-0.01525,-0.258,-0.0405,0.01322925,0.0507355,0.0067597497,1741836129.0472581
-0.01375,-0.2455,-0.05275,0.013702501,0.047530998,0.0078735,1741836129.0618088
-0.0045,-0.23325,-0.06925,0.011673001,0.045089748,0.0073242504,1741836129.076666
-0.00125,-0.23625,-0.06325,0.00585925,0.040328998,0.00535575,1741836129.091383
0.00375,-0.24475,-0.06325,0.0048979996,0.03869625,0.0048979996,1741836129.106049
0.007,-0.242,-0.05825,0.0045777503,0.03569025,0.0051269997,1741836129.120495
0.007,-0.23575,-0.0605,0.0049742498,0.035034247,0.0052795,1741836129.135015
0.00925,-0.2365,-0.067,0.0058899997,0.031997748,0.0049285004,1741836129.1495712
0.0115,-0.23775,-0.0545,0.00621025,0.030365,0.004547,1741836129.164536
0.01075,-0.2365,-0.0545,0.0059967497,0.0296325,0.00416575,1741836129.178626
0.01075,-0.24075,-0.0505,0.0024414998,0.028594999,0.00369275,1741836129.1947362
0.009,-0.242,-0.043,0.00080875,0.02790825,0.0037995,1741836129.2077599
0.00775,-0.242,-0.03575,0.00074775,0.02952575,0.00411975,1741836129.2224
0.00825,-0.2455,-0.04375,0.0017395001,0.031356752,0.00416575,1741836129.236829
0.00875,-0.248,-0.064,0.00408925,0.03164675,0.00428775,1741836129.2514691
0.013,-0.2375,-0.0855,0.0036162501,0.0298615,0.00460825,1741836129.265994
0.01275,-0.227,-0.0815,0.000534,0.026352,0.0048674997,1741836129.28054
0.00075,-0.22475,-0.09225,0.00065625,0.02513125,0.0041810004,1741836129.2950442
-0.011,-0.242,-0.1655,0.00016775,0.019867001,0.0021057501,1741836129.309655
-0.01275,-0.2955,-0.5895,-0.00538625,0.0065917503,0.0038299998,1741836129.3243892
-0.044,-0.29575,-0.833,-0.033615,-0.070221,0.01092525,1741836129.339465
-0.2685,-0.1985,-1.0,-0.04667675,-0.126953,0.01289375,1741836129.355106
-0.45225,-0.135,-0.98825,-0.040466253,-0.23466499,0.008545,1741836129.368974
-0.87375,-0.076,-0.73675,-0.0185395,-0.276001,0.0025787498,1741836129.3843782
-0.99875,-0.0385,-0.57575,0.03176875,-0.310791,-0.022491502,1741836129.39872
-1.0,-0.043,-0.19925,0.0289765,-0.30163574,-0.04119875,1741836129.41473
-0.99325,-0.18075,0.115,-0.025848499,-0.26150525,-0.057541,1741836129.4283378
-0.77875,-0.50925,0.964,-0.05903625,-0.226532,-0.04872125,1741836129.4449039
-0.61175,-0.53725,1.0,-0.0817565,-0.114379995,-0.00561525,1741836129.458128
-0.419,-0.22475,0.97475,-0.037963748,-0.04910275,0.016265752,1741836129.474391
-0.37575,-0.054,0.7765,0.045516998,0.034546003,0.027984502,1741836129.487259
-0.21275,0.03275,0.16775,0.04550175,0.05451975,0.0193635,1741836129.5017118
-0.112,-0.057,-0.01875,0.03509525,0.0674285,0.007782,1741836129.5163698
-0.00125,-0.1805,-0.13125,0.016327,0.0840455,-0.00561525,1741836129.531026
0.09325,-0.32175,-0.29775,0.00782775,0.08088675,-0.0066374997,1741836129.54564
0.07575,-0.315,-0.3115,-0.00093075,0.047577,-0.0020905002,1741836129.560416
-0.0025,-0.25375,-0.20125,-0.004303,0.02757275,0.00033575002,1741836129.5752609
-0.0315,-0.23475,-0.13375,-0.01004025,0.0022277501,-9.15e-05,1741836129.590056
-0.04675,-0.21975,-0.01275,-0.00941475,-0.00434875,-0.0016785001,1741836129.60501
-0.04075,-0.219,0.03775,-0.0053252503,-0.008514499,-0.0044555003,1741836129.6196952
-0.023,-0.231,0.0975,-0.0033570002,-0.0067597497,-0.0050355,1741836129.634561
-0.01775,-0.2375,0.10975,-0.0020752498,-0.0002135,-0.0043335,1741836129.649354
-0.024,-0.2355,0.11025,-0.0017852499,0.0033722501,-0.003769,1741836129.665086
-0.03175,-0.23375,0.102,0.00033575002,0.009292499,-0.00384525,1741836129.6787982
-0.04025,-0.2435,0.07675,-0.000534,0.011901749,-0.00390625,1741836129.69505
-0.04025,-0.25,0.06275,-0.0060425,0.01593025,-0.0031585,1741836129.708095
-0.03575,-0.26475,0.0475,-0.0072480002,0.01620475,-0.0023345,1741836129.724724
-0.031,-0.2665,0.047,-0.0050355,0.0148925,0.0,1741836129.7377841
-0.02,-0.2545,0.05225,-0.00251775,0.01425175,0.00099175,1741836129.752316
-0.015,-0.2465,0.0595,0.002472,0.01380925,0.00109875,1741836129.766886
-0.01725,-0.24275,0.0865,0.0039215,0.01463325,0.00054925,1741836129.781464
-0.02075,-0.24325,0.10475,0.00590525,0.019806,0.00061025,1741836129.7960188
-0.02675,-0.24475,0.137,0.0068512503,0.02418525,0.00083925005,1741836129.810514
-0.03175,-0.2465,0.134,0.00788875,0.02908325,0.0010375,1741836129.8250408
-0.04175,-0.2375,0.0965,0.008590749,0.038055502,0.0013580001,1741836129.839493
-0.04375,-0.23125,0.08375,0.007904,0.04148875,0.00108325,1741836129.855608
-0.04275,-0.23325,0.0845,0.0065765,0.046402,-0.000229,1741836129.868584
-0.04075,-0.257,0.0885,0.006775,0.04862975,-0.00010675,1741836129.885398
-0.04175,-0.25875,0.06875,0.007431,0.050766,0.0019685,1741836129.897982
-0.0455,-0.22925,0.04825,0.0069274995,0.05113225,0.00251775,1741836129.9143958
-0.04675,-0.22125,0.0545,0.00453175,0.055343498,0.0010375,1741836129.9272761
-0.042,-0.23925,0.04,0.0036315,0.057189997,-0.00016775,1741836129.941959
-0.03675,-0.25375,0.02025,0.00355525,0.05599975,-0.00108325,1741836129.956497
-0.0355,-0.264,0.00475,0.0044250004,0.0538635,-0.0002135,1741836129.971222
-0.037,-0.25875,0.00575,0.00672925,0.05113225,0.0025025,1741836129.98576
-0.031,-0.24425,-0.0005,0.00688175,0.050277747,0.0032655,1741836130.000347
-0.02625,-0.23425,-0.007,0.00614925,0.04830925,0.0032347501,1741836130.015129
-0.01675,-0.21675,-0.01475,0.0052947504,0.04647825,0.0023345,1741836130.0297441
-0.013,-0.21925,-0.005,0.00157175,0.04408275,-0.00036625,1741836130.045397
-0.005,-0.24375,0.0145,0.00102225,0.043899503,-0.0012970001,1741836130.059
-0.00825,-0.2505,0.038,0.0022735,0.044326752,-0.0017242499,1741836130.074616
-0.01925,-0.257,0.024,0.00846875,0.049591,-0.00048825,1741836130.088448
-0.0155,-0.25525,-0.0085,0.010666001,0.05125425,0.0012970001,1741836130.103036
-0.00975,-0.25075,-0.029,0.0063934997,0.04736325,0.00416575,1741836130.117614
-0.00475,-0.24225,-0.019,0.00228875,0.04544075,0.0047150003,1741836130.1324449
-0.00275,-0.244,-0.018,0.0026854998,0.045272753,0.00535575,1741836130.147098
-0.00125,-0.248,-0.02975,0.00646975,0.045181252,0.0060577504,1741836130.1618109
-0.0035,-0.24975,-0.0485,0.0103455,0.04429625,0.008148249,1741836130.176467
-0.0005,-0.259,-0.23075,0.0075835,0.040756248,0.00874325,1741836130.191017
-0.00125,-0.29025,-0.4,-0.010101249,0.014007499,0.010314999,1741836130.205686
-0.05025,-0.33575,-0.86775,-0.02301025,-0.020446751,0.014800999,1741836130.22052
-0.1715,-0.284,-0.926,-0.04173275,-0.13583376,0.023346001,1741836130.2353659
-0.4655,-0.2315,-0.76325,-0.034011748,-0.18873599,0.02371225,1741836130.2503521
-0.62375,-0.20725,-0.6735,-0.0032347501,-0.2553405,0.01879875,1741836130.26512
-0.90025,-0.16175,-0.493,0.0111085,-0.27256775,0.012313751,1741836130.279843
-0.972,-0.19775,-0.4105,0.025787251,-0.28962702,-0.0037537501,1741836130.295307
-0.975,-0.2455,0.1055,0.01589975,-0.2826385,-0.0138245,1741836130.309396
-0.9025,-0.2835,0.4965,-0.046371497,-0.22967525,-0.01829525,1741836130.3249831
-0.6285,-0.33125,1.0,-0.078827,-0.18878175,-0.0033570002,1741836130.3391418
-0.5375,-0.2655,1.0,-0.05159,-0.07914725,0.031997748,1741836130.354665
-0.4035,0.03425,0.77525,-0.00485225,-0.01431275,0.03683475,1741836130.368721
-0.32075,0.1315,0.38025,0.030731251,0.060897753,0.01782225,1741836130.384256
-0.076,0.00175,-0.09175,0.028854249,0.06781,0.00228875,1741836130.397656
0.02125,-0.14225,-0.09975,0.02076725,0.074554496,-0.016967751,1741836130.4124238
0.1195,-0.33975,-0.183,0.0141755,0.07440175,-0.01852425,1741836130.427017
0.1,-0.35875,-0.199,0.009643501,0.06457525,-0.0160675,1741836130.441588
0.007,-0.3,-0.15775,0.0058135,0.037201,-0.007187,1741836130.456414
-0.0155,-0.2765,-0.14425,0.0027312501,0.02630625,-0.0041810004,1741836130.4712331
-0.032,-0.265,-0.09425,-0.0015105,0.0025634998,-0.00228875,1741836130.485986
-0.045,-0.25425,0.0485,-0.001709,-0.0047150003,-0.0025025,1741836130.500841
-0.03975,-0.257,0.0945,-0.0012207499,-0.0060272496,-0.00169375,1741836130.515639
-0.02175,-0.26925,0.1375,-0.00108325,-0.0034790002,-3.0500001e-05,1741836130.5305889
-0.019,-0.26875,0.1435,-0.00077825,0.00402825,0.0045165,1741836130.545362
-0.0345,-0.2295,0.133,-0.00154125,0.00891125,0.00587475,1741836130.559873
-0.04225,-0.20525,0.11525,-0.0019225,0.0177155,0.0036010002,1741836130.574806
-0.0475,-0.1895,0.0795,-0.00143425,0.019516,0.00105275,1741836130.589383
-0.04675,-0.19875,0.0765,-0.00105275,0.01968375,-0.0036010002,1741836130.60481
-0.038,-0.24225,0.10375,1.5250001e-05,0.02006525,-0.0048674997,1741836130.61869
-0.0335,-0.2575,0.1135,0.0047607496,0.023956249,-0.0044555003,1741836130.635125
-0.02825,-0.25725,0.10775,0.0075225,0.026855499,-0.00354,1741836130.64813
-0.0265,-0.2505,0.10075,0.0104674995,0.03189075,-0.0023345,1741836130.662833
-0.027,-0.23325,0.098,0.01013175,0.034179747,-0.00228875,1741836130.677661
-0.02775,-0.2265,0.0995,0.0086975,0.040863,-0.00317375,1741836130.692318
-0.02975,-0.233,0.09675,0.0080415,0.0449525,-0.00402825,1741836130.707079
-0.03175,-0.247,0.09675,0.00538625,0.050536998,-0.0052947504,1741836130.721903
-0.042,-0.27525,0.096,0.0046539996,0.05163575,-0.0048674997,1741836130.7365482
-0.04825,-0.2765,0.08975,0.0037079998,0.054580748,-0.0017395001,1741836130.751348
-0.05575,-0.2655,0.083,0.0030669998,0.0569305,-0.00010675,1741836130.7659929
-0.0565,-0.25675,0.076,0.00570675,0.061401248,0.0019989999,1741836130.780558
-0.05525,-0.2355,0.0615,0.0075682504,0.06333925,0.002365,1741836130.795404
-0.05325,-0.22925,0.04725,0.009079001,0.0659485,0.00137325,1741836130.809695
-0.04475,-0.2375,0.03225,0.009948749,0.064911,0.00070200005,1741836130.824817
-0.04475,-0.24275,0.034,0.01083375,0.063675,0.000824,1741836130.838617
-0.0445,-0.244,0.0205,0.01251225,0.063507,0.0028535,1741836130.85509
-0.035,-0.2355,-0.02225,0.012252751,0.061950747,0.00372325,1741836130.867852
-0.02875,-0.2285,-0.03025,0.0077210004,0.0566405,0.0034790002,1741836130.88422
-0.0145,-0.239,-0.0245,0.00631725,0.05416875,0.0026245,1741836130.8973372
-0.009,-0.254,-0.018,0.008361749,0.0497895,0.00305175,1741836130.912041
-0.004,-0.253,-0.025,0.008850001,0.0484925,0.00428775,1741836130.926591
-0.00175,-0.243,-0.03875,0.0055695,0.04603575,0.0052337497,1741836130.941333
0.00275,-0.2365,-0.04875,0.0028074998,0.043624748,0.0046845004,1741836130.9560268
0.006,-0.2415,-0.041,0.00059500005,0.039032,0.003418,1741836130.970521
0.01325,-0.261,-0.0315,0.00201425,0.037460253,0.00343325,1741836130.9851708
0.017,-0.2595,-0.03325,0.00543225,0.034606997,0.0051269997,1741836130.999659
0.022,-0.24125,-0.047,0.0056609996,0.03331,0.0059205,1741836131.014539
0.02325,-0.2375,-0.05625,0.0031889998,0.03047175,0.0064545004,1741836131.028907
0.0235,-0.24575,-0.09175,0.001953,0.028747499,0.00662225,1741836131.044655
0.02825,-0.263,-0.1335,0.00109875,0.026519751,0.007187,1741836131.058024
0.03675,-0.31075,-0.26075,-0.0038299998,0.017044,0.01104725,1741836131.0726101
0.0235,-0.3065,-0.3305,-0.00811775,0.008316,0.015579251,1741836131.087311
-0.0115,-0.26525,-0.4105,-0.014343251,-0.02230825,0.0251465,1741836131.102318
-0.1225,-0.18675,-0.63675,-0.013733,-0.048111,0.02342225,1741836131.117217
-0.20675,-0.18025,-0.74775,-0.008727999,-0.132599,0.0112,1741836131.131958
-0.4755,-0.19225,-0.693,0.00048825,-0.18261725,0.00419625,1741836131.146655
-0.64975,-0.17075,-0.61575,0.04255675,-0.25257877,-0.0104065,1741836131.1614
-0.903,-0.144,-0.35525,0.05337525,-0.26548776,-0.02070625,1741836131.176202
-0.90075,-0.19875,-0.1455,0.0036010002,-0.2613525,-0.03828425,1741836131.190905
-0.648,-0.432,0.59175,-0.04135125,-0.247116,-0.033157248,1741836131.2057002
-0.515,-0.48875,0.90525,-0.07896425,-0.181961,0.00621025,1741836131.220524
-0.38475,-0.36675,1.0,-0.05390925,-0.13851926,0.02363575,1741836131.235156
-0.3325,-0.23625,0.999,0.024993999,-0.040161252,0.03273,1741836131.249774
-0.217,0.03275,0.496,0.02964775,0.002655,0.026275748,1741836131.265097
-0.12275,0.04225,0.13225,0.0068055,0.0363465,0.0021819999,1741836131.2786298
0.0595,-0.14,-0.18,-0.0035704998,0.03176875,-0.00738525,1741836131.295135
0.104,-0.23075,-0.142,-0.01463325,0.012542751,-0.012985251,1741836131.308058
0.09725,-0.32725,0.01425,-0.0156555,0.006012,-0.009933501,1741836131.324724
0.05925,-0.316,0.043,-0.012085,-3.0500001e-05,-0.00270075,1741836131.3377001
-0.01125,-0.2685,0.0715,-0.00788875,-0.001587,-0.00109875,1741836131.352584
-0.0325,-0.2495,0.091,-0.0051574996,-0.000824,-0.00131225,1741836131.367396
-0.0525,-0.22625,0.12625,-0.0040435,0.00105275,-0.0022125002,1741836131.382071
-0.051,-0.2215,0.13025,-0.00231925,0.00546275,-0.0036010002,1741836131.3968
-0.03375,-0.21425,0.1245,-0.0028074998,0.0076905,-0.00411975,1741836131.411498
-0.026,-0.21175,0.11125,-0.002243,0.0095672505,-0.0048979996,1741836131.426194
-0.01625,-0.20325,0.09825,0.002472,0.010727,-0.0068512503,1741836131.440902
-0.0155,-0.20275,0.0995,0.0029907501,0.0112915,-0.008209251,1741836131.455487
-0.01525,-0.2125,0.09475,0.00169375,0.013321,-0.0109709995,1741836131.470099
-0.02025,-0.23375,0.07825,0.00204475,0.014053251,-0.0114744995,1741836131.485093
-0.0245,-0.24175,0.06925,0.00343325,0.01463325,-0.010757499,1741836131.499529
-0.02675,-0.25375,0.06625,0.00402825,0.0143737495,-0.0097045,1741836131.515003
-0.0255,-0.25725,0.07425,0.00579825,0.01431275,-0.00717175,1741836131.528739
-0.02225,-0.2565,0.111,0.00737,0.015442001,-0.0060272496,1741836131.545213
-0.022,-0.24975,0.1305,0.012085,0.021041749,-0.004547,1741836131.558021
-0.025,-0.228,0.1465,0.0148925,0.02497875,-0.0044250004,1741836131.572494
-0.02925,-0.21725,0.142,0.019622749,0.033584498,-0.00460825,1741836131.587117
-0.03575,-0.2045,0.10075,0.02067575,0.03707875,-0.00505075,1741836131.6016781
-0.035,-0.216,0.07975,0.0194855,0.039794996,-0.00611875,1741836131.6164029
-0.034,-0.24425,0.0675,0.016876249,0.04031375,-0.00587475,1741836131.631003
-0.036,-0.24825,0.07725,0.01200875,0.04344175,-0.00494375,1741836131.6456268
-0.043,-0.2495,0.106,0.012909001,0.046524,-0.0049895,1741836131.6604218
-0.04725,-0.25625,0.11175,0.02215575,0.053283747,-0.0042267498,1741836131.6751418
-0.05475,-0.2485,0.06525,0.02557375,0.055664003,-0.002777,1741836131.689654
-0.0555,-0.23975,0.03925,0.026184,0.056076,-0.001526,1741836131.705206
-0.05675,-0.24875,0.01925,0.019470248,0.05432125,0.00029,1741836131.7188962
-0.05475,-0.249,0.0135,0.014099,0.054535,0.0015565,1741836131.735133
-0.05125,-0.24575,0.00925,0.0058287503,0.05574025,0.0029907501,1741836131.7480168
-0.04675,-0.2355,0.00825,0.0041504996,0.055694498,0.0026245,1741836131.7625542
-0.04675,-0.2345,0.0135,0.0045165,0.055664003,0.001175,1741836131.777073
-0.0505,-0.25175,0.00925,0.0053252503,0.056335498,0.00086975005,1741836131.7916422
-0.0495,-0.25875,-0.01475,0.0060882503,0.05564875,0.00181575,1741836131.806278
-0.0405,-0.25825,-0.03775,0.00637825,0.052826,0.002655,1741836131.821045
-0.037,-0.25,-0.03,0.008773751,0.047592252,0.00413525,1741836131.835707
-0.03,-0.2305,0.00875,0.0077667497,0.047012247,0.0042267498,1741836131.85022
-0.0305,-0.229,0.03675,-0.002411,0.05233775,0.00317375,1741836131.8650439
-0.03325,-0.2505,0.034,-0.00640875,0.05567925,0.00263975,1741836131.8793962
-0.036,-0.258,0.023,-0.00517275,0.05799875,0.0032195,1741836131.895135
-0.04375,-0.24175,0.0175,-0.002777,0.05867,0.00372325,1741836131.908614
-0.0445,-0.2445,0.00675,-6.1000002e-05,0.05982975,0.0036162501,1741836131.9246788
-0.0375,-0.25375,-0.036,0.0070342496,0.060424753,0.0036010002,1741836131.93779
-0.0295,-0.243,-0.05625,0.013427749,0.058426,0.00434875,1741836131.952357
-0.02075,-0.22975,-0.06975,0.01965325,0.051773,0.0056915004,1741836131.967031
-0.01625,-0.21975,-0.094,0.018310498,0.0486755,0.0057525,1741836131.981632
-0.01725,-0.2235,-0.1605,0.015228249,0.039322,0.0052795,1741836131.996272
-0.02225,-0.19925,-0.413,0.013290499,0.028122,0.00491325,1741836132.010817
-0.02175,-0.19,-0.636,0.0020905002,-0.025940001,0.00181575,1741836132.0255191
-0.14725,-0.21775,-0.858,-0.0110625,-0.076065004,-0.0017242499,1741836132.0404658
-0.28675,-0.18175,-0.823,-0.01640325,-0.17692575,-0.011917,1741836132.055277
-0.605,-0.04425,-0.758,-0.009658749,-0.21334825,-0.019622749,1741836132.070192
-0.75225,-0.0255,-0.6625,0.00817875,-0.2637025,-0.040847752,1741836132.084904
-0.8565,-0.2335,-0.33025,0.015915,-0.269165,-0.04933175,1741836132.09984
-0.83925,-0.3715,-0.101,-0.016570998,-0.25444025,-0.04837025,1741836132.1149912
-0.718,-0.483,0.69175,-0.0543365,-0.2352905,-0.03468325,1741836132.129823
-0.61725,-0.4375,1.0,-0.08792125,-0.15553275,0.0064239996,1741836132.145161
-0.4365,-0.247,1.0,-0.05656425,-0.09954825,0.0211335,1741836132.159331
-0.364,-0.10125,0.85675,0.0152435,0.0060272496,0.026519751,1741836132.174813
-0.17325,0.07025,0.15175,0.021514999,0.036026,0.019455,1741836132.188298
-0.04925,0.00375,-0.0675,0.01098625,0.049057,-0.0028535,1741836132.2048352
0.101,-0.2245,-0.169,0.0043944996,0.04606625,-0.01054375,1741836132.217694
0.11675,-0.306,-0.18425,-0.00108325,0.032287497,-0.012557999,1741836132.2324119
0.0665,-0.33625,-0.187,-0.0024414998,0.022369498,-0.009216251,1741836132.247087
0.02725,-0.30525,-0.169,-0.00668325,0.0019225,-0.00505075,1741836132.261821
-0.02875,-0.302,-0.02675,-0.00764475,-0.00543225,-0.0047455,1741836132.276684
-0.04825,-0.299,0.04975,-0.0072175004,-0.008545,-0.00352475,1741836132.2915351
-0.06475,-0.25875,0.13275,-0.00668325,-0.0059815003,0.00148,1741836132.3061602
-0.0615,-0.23425,0.1405,-0.0057372497,-0.0026245,0.0033570002,1741836132.320987
-0.04875,-0.205,0.10625,-0.00143425,0.00546275,0.0030975002,1741836132.335597
-0.043,-0.20475,0.07975,-0.00042725,0.0086975,0.001236,1741836132.350325
-0.03825,-0.2125,0.0595,-0.00042725,0.0119630005,-0.00279225,1741836132.365252
-0.035,-0.24225,0.058,0.000473,0.0128175,-0.00402825,1741836132.379769
-0.0365,-0.25125,0.07175,0.004013,0.01596075,-0.0040587503,1741836132.3952472
-0.04775,-0.24225,0.083,0.00593575,0.018402,-0.003418,1741836132.408986
-0.04925,-0.23725,0.0845,0.009079001,0.02272025,-0.002472,1741836132.424899
-0.04175,-0.24475,0.0955,0.010894749,0.02528375,-0.0020599999,1741836132.438399
-0.038,-0.25025,0.09575,0.01620475,0.03190625,-0.00093075,1741836132.453024
-0.0395,-0.2515,0.08825,0.01876825,0.03553775,-7.625e-05,1741836132.467679
-0.046,-0.2445,0.0745,0.0202485,0.04205325,0.0025940002,1741836132.482324
-0.04975,-0.21875,0.03475,0.019287001,0.04385375,0.0034637498,1741836132.496916
-0.0485,-0.21275,0.02275,0.0156555,0.04591375,0.0020599999,1741836132.511435
-0.041,-0.231,0.00875,0.013931249,0.0467225,0.00057975,1741836132.525919
-0.037,-0.2575,0.01075,0.011550999,0.047485247,-0.00045775,1741836132.540462
-0.04225,-0.29725,0.026,0.0110625,0.048782248,0.0012817499,1741836132.5552168
-0.05025,-0.28625,0.02025,0.0111085,0.050888002,0.004013,1741836132.569705
-0.06775,-0.23425,-0.01925,0.011917,0.05331425,0.00773625,1741836132.585226
-0.06925,-0.214,-0.048,0.012557999,0.0523225,0.0072632497,1741836132.5990489
-0.05975,-0.2125,-0.0705,0.00975025,0.04574575,0.0041044997,1741836132.61502
-0.0295,-0.24525,-0.07625,0.0057372497,0.042251498,0.0028074998,1741836132.6283169
-0.02,-0.2635,-0.065,0.00070200005,0.038390998,0.0023345,1741836132.644524
-0.0135,-0.2825,-0.03775,0.0022277501,0.0375825,0.003418,1741836132.657485
-0.01675,-0.27675,-0.02575,0.0068665,0.03657525,0.0068512503,1741836132.672103
-0.0275,-0.23375,-0.0125,0.0066985004,0.03660575,0.00782775,1741836132.686744
-0.03125,-0.21925,-0.01625,0.002472,0.037155252,0.0060272496,1741836132.701344
-0.026,-0.23425,-0.034,0.00035100002,0.036438,0.0043639997,1741836132.716018
-0.02075,-0.247,-0.035,-0.0019685,0.034225497,0.0031127501,1741836132.730689
-0.01875,-0.25525,-0.041,-0.00108325,0.03363025,0.00358575,1741836132.745409
-0.01775,-0.252,-0.03975,0.001831,0.0316315,0.0048217503,1741836132.759972
-0.01675,-0.24225,-0.027,0.0016175,0.030883752,0.0047607496,1741836132.774679
-0.01475,-0.24275,-0.02275,-0.00096125,0.030136,0.003769,1741836132.789428
-0.006,-0.26375,-0.01025,-0.00105275,0.029739501,0.00367725,1741836132.804746
-0.005,-0.2695,-0.0025,0.003952,0.03041075,0.0057372497,1741836132.818665
-0.01075,-0.2485,0.0045,0.0065002497,0.03190625,0.0070495,1741836132.834616
-0.0115,-0.239,0.001,0.0073395,0.0335235,0.0077210004,1741836132.847669
-0.01125,-0.23475,-0.00475,0.006302,0.035141,0.0078125,1741836132.862369
-0.0085,-0.234,-0.0385,0.00511175,0.03556825,0.0078125,1741836132.877153
-0.0055,-0.24025,-0.05825,-0.00062550005,0.034652747,0.007965,1741836132.891739
0.002,-0.25025,-0.08775,-0.0020599999,0.0326995,0.00830075,1741836132.90642
0.00425,-0.24975,-0.11775,0.00276175,0.02471925,0.009079001,1741836132.920852
-0.00375,-0.24675,-0.28025,0.0038605002,0.017044,0.0093385,1741836132.935473
-0.00875,-0.2465,-0.458,-0.014328,-0.01864625,0.009384249,1741836132.950291
-0.075,-0.209,-0.808,-0.0302125,-0.05567925,0.0070495,1741836132.965107
-0.17375,-0.1625,-0.856,-0.029601999,-0.1512145,-0.0032195,1741836132.9800498
-0.42225,-0.0625,-0.8275,-0.00764475,-0.19190975,-0.010589501,1741836132.995017
-0.563,-0.027,-0.72375,0.01855475,-0.24603274,-0.03182975,1741836133.009776
-0.7165,-0.10325,-0.3625,0.00991825,-0.2566985,-0.04521175,1741836133.024817
-0.7235,-0.21925,-0.155,-0.03108225,-0.24334724,-0.056991503,1741836133.039475
-0.729,-0.424,0.385,-0.0546875,-0.22521976,-0.048446752,1741836133.054954
-0.721,-0.4465,0.745,-0.07551575,-0.1681975,-0.0055695,1741836133.069124
-0.6425,-0.31275,1.0,-0.054306,-0.12431325,0.017624,1741836133.084702
-0.54675,-0.163,0.98875,0.0040435,-0.0182495,0.03404225,1741836133.098519
-0.294,0.04775,0.31025,0.010727,0.02409375,0.028244,1741836133.1148229
-0.1415,0.0055,-0.01175,0.013351499,0.05229175,0.008545,1741836133.1276999
0.093,-0.189,-0.198,0.015854,0.04850775,0.0014037499,1741836133.142306
0.13075,-0.23825,-0.20825,0.013290499,0.031128,-0.0026245,1741836133.156992
0.11325,-0.2355,-0.22275,0.0099945,0.0196075,-0.0036010002,1741836133.1716459
0.08075,-0.27725,-0.172,0.0046234997,0.0072937496,-0.0058287503,1741836133.186375
-0.01,-0.35625,0.005,-0.0020752498,-0.008484,-0.00672925,1741836133.2011971
-0.04775,-0.35425,0.07325,-0.00099175,-0.00953675,-0.0034942501,1741836133.216074
-0.0825,-0.289,0.1205,-0.00016775,-0.0038299998,0.004593,1741836133.230732
-0.08175,-0.24875,0.11525,0.0003205,0.0002595,0.0069580004,1741836133.2453718
-0.07275,-0.2155,0.09975,0.00177,0.0070495,0.0061950004,1741836133.2598422
-0.04825,-0.18325,0.05775,0.00238025,0.009277251,0.0036315,1741836133.27483
-0.03775,-0.18575,0.042,0.00364675,0.01142875,-0.00254825,1741836133.2889578
-0.0295,-0.2185,0.0345,0.0041044997,0.011825499,-0.0049742498,1741836133.305542
-0.03175,-0.23825,0.0385,0.0050965,0.012847999,-0.0067902496,1741836133.318302
-0.0445,-0.25875,0.0355,0.0062407497,0.013839751,-0.0061645,1741836133.33298
-0.04875,-0.26025,0.02575,0.0070037497,0.0152435,-0.003296,1741836133.347606
-0.04775,-0.2525,0.0125,0.00691225,0.015442001,-0.00213625,1741836133.362259
-0.04325,-0.248,0.01275,0.006775,0.0157775,-0.00193775,1741836133.376964
-0.0295,-0.251,0.0175,0.0059510004,0.016143749,-0.00270075,1741836133.3916109
-0.0235,-0.2605,0.02225,0.0032347501,0.01744075,-0.0037079998,1741836133.406174
-0.0225,-0.2845,0.044,0.0029907501,0.018920999,-0.0030669998,1741836133.420764
-0.03,-0.286,0.0455,0.00511175,0.02288825,0.00080875,1741836133.435314
-0.04825,-0.2575,0.01125,0.0060272496,0.0238495,0.003006,1741836133.449871
-0.05,-0.23725,-0.0105,0.0061950004,0.02339175,0.0043335,1741836133.465148
-0.04425,-0.2265,-0.0195,0.0039215,0.0203705,0.00296025,1741836133.4792042
-0.026,-0.2455,-0.008,0.0023497501,0.01956175,0.00131225,1741836133.4952672
-0.02125,-0.261,0.00475,0.0008545,0.0200805,0.00024425,1741836133.508397
-0.026,-0.27275,0.05025,0.001648,0.02139275,0.00109875,1741836133.524687
-0.0345,-0.26675,0.07075,0.0076295,0.026825001,0.0036010002,1741836133.537444
-0.053,-0.2265,0.04675,0.0111085,0.02970875,0.0043944996,1741836133.551841
-0.05125,-0.20525,0.01775,0.01104725,0.032043498,0.0029755002,1741836133.566392
-0.03525,-0.20475,-0.0245,0.0073242504,0.032074,0.0007935,1741836133.5809789
-0.02825,-0.22525,-0.0265,0.00112925,0.031356752,-0.00276175,1741836133.5956402
-0.0215,-0.25675,0.00525,0.001114,0.031601,-0.002777,1741836133.610261
-0.0235,-0.25575,0.016,0.005249,0.03468325,-0.0014495,1741836133.6248739
-0.034,-0.2435,0.02925,0.0068512503,0.03663625,-0.00109875,1741836133.63948
-0.04225,-0.23875,0.0335,0.0078125,0.04141225,-0.0005645,1741836133.655097
-0.0555,-0.24725,0.02525,0.008026,0.043869,-6.1000002e-05,1741836133.6689851
-0.05675,-0.25575,0.01525,0.0078125,0.045608502,0.0008545,1741836133.685063
-0.05,-0.2685,-0.002,0.00773625,0.046752997,0.00364675,1741836133.698248
-0.0455,-0.274,0.00075,0.0079955,0.047287,0.00541675,1741836133.7144861
-0.04375,-0.27325,0.00375,0.009552,0.050048754,0.009384249,1741836133.727411
-0.04575,-0.24525,-0.00625,0.011078,0.05140675,0.010879501,1741836133.7420568
-0.0475,-0.231,-0.00575,0.010803251,0.05464175,0.01142875,1741836133.756733
-0.0495,-0.234,0.0085,0.009079001,0.05667125,0.01083375,1741836133.771295
-0.0525,-0.23975,0.011,0.0056915004,0.06004325,0.010742251,1741836133.785766
-0.0605,-0.23425,-0.03325,0.0055237496,0.06044,0.011139,1741836133.8004239
-0.0555,-0.231,-0.06175,0.00767525,0.05612175,0.010894749,1741836133.814979
-0.03625,-0.2395,-0.072,0.009384249,0.05258175,0.01036075,1741836133.829581
-0.029,-0.24725,-0.06725,0.013061499,0.04837025,0.0102845,1741836133.844917
-0.02325,-0.257,-0.03025,0.01374825,0.047607496,0.0110625,1741836133.8588648
-0.02375,-0.2595,-0.006,0.013061499,0.050033502,0.01345825,1741836133.8747892
-0.0235,-0.264,-0.024,0.013443,0.0519105,0.0149535,1741836133.8882182
-0.02225,-0.26075,-0.064,0.012115501,0.050949,0.017547501,1741836133.902873
-0.02175,-0.2345,-0.167,0.01206975,0.046981752,0.017868,1741836133.9175098
-0.0185,-0.2135,-0.24,0.013382,0.040237498,0.017578252,1741836133.932155
0.006,-0.18275,-0.52125,0.009734999,0.0143737495,0.014572251,1741836133.9466949
0.00725,-0.175,-0.741,-0.0034637498,-0.010314999,0.0111085,1741836133.9614122
-0.053,-0.1575,-0.92975,-0.033615,-0.10176075,-0.0034942501,1741836133.976279
-0.3365,-0.1045,-0.98675,-0.02931225,-0.1568145,-0.011383001,1741836133.9911969
-0.53075,-0.04375,-0.92775,0.0059967497,-0.239151,-0.029373249,1741836134.006104
-0.79175,-0.04775,-0.55575,0.014297499,-0.2632905,-0.04125975,1741836134.0208871
-0.8035,-0.1255,-0.3095,-0.015976,-0.264389,-0.059311002,1741836134.035777
-0.749,-0.26675,0.21725,-0.041275002,-0.24719225,-0.0576935,1741836134.0505989
-0.737,-0.3175,0.558,-0.083725,-0.1953125,-0.03427125,1741836134.0653708
-0.66975,-0.37625,1.0,-0.0809785,-0.1597595,-0.014495751,1741836134.080178
-0.57525,-0.3215,1.0,-0.0038299998,-0.0540925,0.01937875,1741836134.095409
-0.35175,-0.038,0.52725,0.02622975,0.0017242499,0.023528999,1741836134.10941
-0.21675,0.04675,0.05975,0.02708425,0.047546502,0.008788999,1741836134.1249979
0.08225,-0.1075,-0.33925,0.015564,0.038742002,-0.0029755002,1741836134.138498
0.161,-0.25125,-0.2795,-0.00631725,0.00785825,-0.015915,1741836134.1550741
0.13575,-0.38375,-0.0785,-0.0093385,-0.00184625,-0.013214,1741836134.1680992
0.073,-0.3525,-0.0165,-0.00621025,-0.0085602505,-0.003296,1741836134.1829581
-0.047,-0.27525,0.0655,-0.0031127501,-0.0079955,-0.0012665,1741836134.1977532
-0.082,-0.262,0.08875,-0.0037995,-0.0038757501,-0.00033575002,1741836134.212561
-0.0885,-0.259,0.09625,-0.0046845004,-0.00096125,0.00033575002,1741836134.227277
-0.0715,-0.25325,0.08225,-0.000763,0.0050355,0.00198375,1741836134.241859
-0.0315,-0.233,0.05875,0.00204475,0.00737,0.0023497501,1741836134.256407
-0.02125,-0.224,0.051,0.0034637498,0.01062,0.00163275,1741836134.2709298
-0.021,-0.21525,0.04975,0.00331125,0.0118407495,0.00062550005,1741836134.285442
-0.0265,-0.21775,0.05425,0.0041044997,0.013214,-0.00057975,1741836134.300166
-0.04775,-0.2255,0.05125,0.0075682504,0.016265752,-0.0023497501,1741836134.315284
-0.05575,-0.2295,0.04275,0.00785825,0.01731875,-0.00254825,1741836134.3294961
-0.0585,-0.23525,0.03325,0.004547,0.0183715,-0.0028229998,1741836134.345293
-0.04575,-0.25925,0.02625,0.0026854998,0.018737748,-0.0029145,1741836134.358867
-0.03675,-0.269,0.027,0.0024872501,0.019806,-0.0022277501,1741836134.37506
-0.029,-0.2705,0.0315,0.0047150003,0.0204315,-0.00143425,1741836134.388292
-0.02975,-0.26525,0.03525,0.0081635,0.022216748,0.00029,1741836134.402776
-0.0325,-0.249,0.01825,0.00801075,0.022918751,0.0011445,1741836134.417279
-0.02925,-0.2395,0.00325,0.005539,0.022216748,0.00149525,1741836134.4317818
-0.0225,-0.2405,-0.01,0.0048674997,0.0213165,0.00067150005,1741836134.446367
-0.021,-0.24875,-0.007,0.004837,0.019714251,-0.0012665,1741836134.4610932
-0.024,-0.267,0.01525,0.00491325,0.01930225,-0.00163275,1741836134.4756758
-0.03025,-0.26975,0.02375,0.00567625,0.019714251,6.1000002e-05,1741836134.4902558
-0.039,-0.2595,0.02075,0.0060577504,0.02000425,0.0017242499,1741836134.505146
-0.0405,-0.2515,0.02325,0.00416575,0.02085875,0.003769,1741836134.519279
-0.03925,-0.24825,0.03725,0.00331125,0.02182,0.00367725,1741836134.535109
-0.03525,-0.25,0.039,0.00343325,0.02301025,0.0032655,1741836134.548264
-0.02925,-0.251,0.0375,0.0049742498,0.02586375,0.00305175,1741836134.562776
-0.0205,-0.25025,0.03825,0.0059205,0.027679501,0.00331125,1741836134.577387
-0.02225,-0.24725,0.0435,0.009292499,0.031952,0.0042572496,1741836134.5917609
-0.0365,-0.23475,0.0525,0.011184749,0.03424075,0.0047302498,1741836134.606278
-0.04425,-0.223,0.04125,0.0116425,0.038513247,0.00485225,1741836134.6207402
-0.043,-0.21125,0.0085,0.009781,0.0398255,0.00402825,1741836134.635378
-0.03625,-0.22575,0.0135,0.0050202496,0.042511,0.001648,1741836134.649855
-0.026,-0.28025,0.06125,0.00384525,0.04550175,0.0019225,1741836134.6648462
-0.03075,-0.291,0.0715,0.0064850003,0.054870497,0.00697325,1741836134.678949
-0.05475,-0.272,0.07625,0.01033025,0.059265252,0.010437001,1741836134.694932
-0.07075,-0.24825,0.0695,0.0141755,0.068252504,0.0157775,1741836134.7080572
-0.0905,-0.22625,0.0315,0.012024,0.07164,0.01658625,1741836134.722538
-0.085,-0.23625,0.03,0.008499251,0.0736695,0.01667775,1741836134.737138
-0.07925,-0.25525,0.03675,0.0053252503,0.07849125,0.018402,1741836134.751641
-0.083,-0.26375,0.0355,0.007904,0.0817565,0.02012625,1741836134.766141
-0.09025,-0.24975,0.0385,0.01655575,0.0883485,0.02357475,1741836134.780669
-0.1,-0.2105,0.003,0.01841725,0.09198,0.02474975,1741836134.795268
-0.098,-0.19875,-0.05175,0.0101775,0.0944215,0.02360525,1741836134.8099048
-0.08075,-0.21025,-0.15475,0.00296025,0.090042,0.02212525,1741836134.824599
-0.07,-0.204,-0.20725,0.001419,0.07377625,0.019897498,1741836134.839089
-0.03025,-0.1385,-0.401,0.008133001,0.0624085,0.017746,1741836134.854826
-0.00325,-0.10775,-0.55675,0.0056915004,0.021362249,0.0057677496,1741836134.868473
-0.00725,-0.12175,-0.907,-0.007904,-0.01719675,-0.00367725,1741836134.884979
-0.09175,-0.1555,-0.9575,-0.01257325,-0.12309275,-0.021225,1741836134.898367
-0.4095,-0.13875,-0.96475,0.00328075,-0.17372125,-0.027832001,1741836134.914573
-0.61975,-0.081,-0.88075,0.011184749,-0.24745175,-0.0468445,1741836134.928097
-0.8165,-0.1355,-0.547,0.00109875,-0.26187125,-0.05776975,1741836134.942855
-0.80075,-0.3005,-0.30225,-0.03215025,-0.26260376,-0.06083675,1741836134.9577239
-0.68975,-0.48675,0.37975,-0.046524,-0.249771,-0.047165003,1741836134.972526
-0.65575,-0.41825,0.618,-0.05896,-0.190445,-0.011856,1741836134.987381
-0.61725,-0.2345,0.99025,-0.04824825,-0.15310675,0.00163275,1741836135.002076
-0.559,-0.15475,1.0,-0.0070952503,-0.0579375,0.01156625,1741836135.0167239
-0.3365,-0.006,0.5755,0.0068512503,-0.008270251,0.008148249,1741836135.0313568
-0.1835,0.0045,0.14475,0.01496875,0.02671825,0.0019225,1741836135.045791
0.07375,-0.19325,-0.2305,0.013717749,0.0366515,-0.0112915,1741836135.0603561
0.132,-0.3135,-0.1875,0.008788999,0.0257415,-0.01374825,1741836135.074931
0.14,-0.379,-0.1185,0.00355525,0.0080415,-0.007843,1741836135.0895512
0.062,-0.3405,-0.058,0.00369275,0.0039215,-0.0038605002,1741836135.105054
0.016,-0.301,-0.0335,0.00154125,-0.0003815,-0.0019225,1741836135.118931
-0.051,-0.27575,0.04275,-0.0014037499,-0.00080875,-0.002533,1741836135.135112
-0.06675,-0.2725,0.06675,-0.00314325,0.00216675,-0.0015105,1741836135.148332
-0.0625,-0.2425,0.07575,-0.000824,0.00460825,-0.000183,1741836135.165031
-0.04875,-0.22125,0.059,0.0020752498,0.008926501,0.00010675,1741836135.177582
-0.01725,-0.21075,0.00975,0.00137325,0.009643501,-0.001526,1741836135.1921668
-0.008,-0.22725,-0.0055,-0.0017242499,0.008316,-0.0047607496,1741836135.206933
-0.00975,-0.2575,-0.00275,-0.0025634998,0.0072632497,-0.0050812503,1741836135.221744
-0.0175,-0.2585,0.008,-0.0023345,0.006546,-0.0039215,1741836135.236405
-0.03475,-0.24925,0.02175,-0.00283825,0.00697325,-0.0033875,1741836135.251216
-0.04,-0.245,0.02125,-0.00355525,0.008194,-0.0025634998,1741836135.2659478
-0.03425,-0.2355,0.011,-0.00279225,0.008407501,-0.00225825,1741836135.2806468
-0.02725,-0.23375,0.0115,-0.0003815,0.008194,-0.002365,1741836135.295451
-0.0175,-0.2445,0.01025,-9.15e-05,0.008285499,-0.00251775,1741836135.309942
-0.01625,-0.2525,0.0115,-0.00045775,0.00845325,-0.0024414998,1741836135.3246322
-0.01975,-0.25925,0.0445,-0.00036625,0.00918575,-0.0012817499,1741836135.339309
-0.0255,-0.25775,0.06375,-0.00016775,0.0106965,-0.00054925,1741836135.355136
-0.04075,-0.24825,0.06275,0.00070200005,0.01564025,0.000122000005,1741836135.368572
-0.04425,-0.24375,0.05475,0.002472,0.017455999,4.575e-05,1741836135.383168
-0.04475,-0.244,0.052,0.0070037497,0.019744748,-0.00048825,1741836135.39777
-0.0405,-0.25575,0.04725,0.0077210004,0.021103,-0.0005035,1741836135.412401
-0.039,-0.25675,0.0405,0.0057677496,0.02348325,0.00033575002,1741836135.4268641
-0.033,-0.26,0.04025,0.0043639997,0.02459725,0.00086975005,1741836135.441361
-0.03125,-0.264,0.05125,0.00372325,0.0289155,0.0021057501,1741836135.45586
-0.038,-0.2695,0.08,0.004593,0.0321655,0.003006,1741836135.4703481
-0.04525,-0.265,0.09075,0.00741575,0.038849,0.0051269997,1741836135.485023
-0.059,-0.2315,0.0655,0.009781,0.041687,0.0058135,1741836135.499382
-0.05825,-0.21675,0.03275,0.012207,0.04391475,0.0048674997,1741836135.5152209
-0.043,-0.21875,-0.00975,0.01091,0.04385375,0.0035095,1741836135.5285702
-0.037,-0.23325,-0.0185,0.0094604995,0.043701246,0.0021515,1741836135.5449688
-0.03025,-0.2655,-0.0265,0.0080415,0.043105997,0.00112925,1741836135.557823
-0.028,-0.2715,-0.0235,0.007599,0.042251498,0.0018005001,1741836135.5724359
-0.02825,-0.26675,-0.01275,0.0065612504,0.040619,0.0042115003,1741836135.587061
-0.03525,-0.24225,0.004,0.0057677496,0.040451,0.005005,1741836135.601567
-0.038,-0.233,0.01,0.0030669998,0.041183498,0.00469975,1741836135.616158
-0.042,-0.2325,0.02375,0.00096125,0.042175252,0.00413525,1741836135.630854
-0.04225,-0.23775,0.0225,-0.00051875,0.044632,0.0030669998,1741836135.645461
-0.0375,-0.253,-0.0015,0.00048825,0.045303248,0.00292975,1741836135.66006
-0.03275,-0.25975,-0.0085,0.00193775,0.045608502,0.0039825,1741836135.674654
-0.02925,-0.26825,0.002,0.0034942501,0.0457915,0.00494375,1741836135.689271
-0.03,-0.26425,0.00875,0.0075835,0.04730225,0.007309,1741836135.704878
-0.034,-0.237,0.01125,0.0078735,0.04872125,0.00794975,1741836135.7182279
-0.03375,-0.22925,-0.0,0.004547,0.05055225,0.00744625,1741836135.732836
-0.02825,-0.23175,-0.021,0.0023497501,0.050277747,0.0070495,1741836135.7474828
-0.02675,-0.23725,-0.025,0.0009155,0.05007925,0.0067902496,1741836135.762143
-0.0185,-0.25125,-0.05525,0.002533,0.05036925,0.0065155,1741836135.776737
-0.0125,-0.252,-0.0785,0.00579825,0.04812625,0.0070647504,1741836135.791358
-0.01,-0.2435,-0.09325,0.01145925,0.037917998,0.008926501,1741836135.80596
-0.0045,-0.2165,-0.135,0.012207,0.03256225,0.009017999,1741836135.820597
0.00025,-0.2085,-0.17525,0.00935375,0.01956175,0.0065002497,1741836135.835213
-0.01,-0.21125,-0.346,0.0066985004,0.008788999,0.0057220003,1741836135.849758
0.00225,-0.198,-0.52175,-0.014267,-0.0345765,0.00358575,1741836135.865016
-0.0945,-0.16275,-0.83925,-0.0365295,-0.077133246,-0.0023345,1741836135.8793652
-0.1985,-0.184,-0.81825,-0.04992675,-0.16955575,-0.0114135,1741836135.894794
-0.36375,-0.176,-0.63825,-0.03683475,-0.20172125,-0.0112305,1741836135.9091358
-0.45125,-0.1415,-0.52875,-0.0088195,-0.23439024,-0.01440425,1741836135.9246342
-0.5865,-0.172,-0.244,-0.00737,-0.23777775,-0.0203095,1741836135.93905
-0.6255,-0.2275,-0.059,-0.037048247,-0.219864,-0.027649,1741836135.9545019
-0.6815,-0.36775,0.44425,-0.04240425,-0.200241,-0.02153025,1741836135.9689658
-0.70525,-0.4335,0.78475,0.008499251,-0.14421076,0.009445249,1741836135.984868
-0.6165,-0.35625,1.0,0.023834249,-0.102951,0.0222015,1741836135.998165
-0.50125,-0.174,0.809,0.0059967497,0.0016175,0.0300445,1741836136.0128572
-0.1585,0.09475,-0.09675,0.00119025,0.03114325,0.02326975,1741836136.0273678
0.00625,0.02625,-0.25675,-0.00251775,0.028411752,-0.0028074998,1741836136.042031
0.152,-0.28925,-0.10675,-0.0043944996,0.019592252,-0.0110932505,1741836136.056746
0.1505,-0.378,-0.05875,-0.0072937496,0.010147001,-0.00842275,1741836136.071473
0.06425,-0.35325,-0.0655,-0.007431,0.006012,-0.00296025,1741836136.086327
0.0045,-0.3095,-0.03325,-0.002777,-0.0020295,0.00283825,1741836136.1010518
-0.08625,-0.244,0.066,-0.00154125,-0.0029907501,0.00292975,1741836136.115736
-0.103,-0.2235,0.0835,-0.0019685,0.00071725,0.00062550005,1741836136.130395
-0.08675,-0.2125,0.064,-0.0013580001,0.00317375,-0.00090025004,1741836136.1452532
-0.06525,-0.21825,0.0555,-0.00033575002,0.0050812503,-0.00225825,1741836136.159861
-0.0325,-0.241,0.04625,-0.0017395001,0.0078125,-0.00399775,1741836136.174952
-0.0265,-0.24875,0.03325,-0.00331125,0.00897225,-0.0041810004,1741836136.189329
-0.0235,-0.24975,0.0195,-0.0037995,0.009872501,-0.00378425,1741836136.204764
-0.026,-0.24275,0.006,-0.004074,0.009491,-0.003662,1741836136.218776
-0.028,-0.23875,0.00225,-0.0046845004,0.007843,-0.0034790002,1741836136.235029
-0.03075,-0.23725,0.00625,-0.004837,0.0066985004,-0.0036315,1741836136.2482529
-0.034,-0.23925,0.0175,-0.0043335,0.0051880004,-0.004013,1741836136.2629702
-0.0405,-0.24225,0.04725,-0.00352475,0.0056,-0.00396725,1741836136.2776582
-0.04175,-0.2415,0.0535,-0.00296025,0.00823975,-0.0036010002,1741836136.292327
-0.0345,-0.248,0.0445,-0.00317375,0.009292499,-0.003296,1741836136.307063
-0.03025,-0.25325,0.0425,-0.0026092501,0.0101165,-0.0024872501,1741836136.3216908
-0.037,-0.2515,0.06175,-0.00187675,0.010803251,-0.002121,1741836136.336433
-0.0445,-0.2485,0.077,-0.00112925,0.0139770005,-0.00198375,1741836136.351178
-0.06125,-0.25075,0.12775,-0.0009765,0.01675425,-0.00216675,1741836136.3659918
-0.06925,-0.2555,0.15625,0.0009155,0.026000999,-0.002243,1741836136.380569
-0.0805,-0.252,0.17175,0.0027465,0.0324555,-0.00177,1741836136.395265
-0.083,-0.24275,0.14725,0.0070037497,0.04499825,-0.00024425,1741836136.409816
-0.07725,-0.22725,0.08775,0.008514499,0.049377497,0.00048825,1741836136.4247959
-0.0755,-0.22325,0.0575,0.0129700005,0.0546265,0.0002595,1741836136.4389162
-0.06375,-0.22375,0.0365,0.016113251,0.055480998,-0.0002595,1741836136.454956
-0.05475,-0.2315,0.0495,0.01896675,0.05606075,-0.0007935,1741836136.468111
-0.051,-0.256,0.07775,0.0207215,0.05921925,-0.001114,1741836136.4827561
-0.058,-0.26375,0.08275,0.019439751,0.061523497,0.0,1741836136.497231
-0.068,-0.2625,0.074,0.017105,0.066619754,0.00485225,1741836136.511752
-0.08825,-0.23325,0.025,0.0163575,0.06843575,0.007019,1741836136.526309
-0.0935,-0.2175,-0.002,0.012924249,0.067627,0.00723275,1741836136.540919
-0.08225,-0.21,-0.0335,0.00935375,0.06546025,0.0055695,1741836136.5555341
-0.069,-0.221,-0.0345,0.00148,0.06010425,0.00187675,1741836136.5701928
-0.049,-0.254,-0.033,-0.00074775,0.057983503,0.00083925005,1741836136.585129
-0.04125,-0.26975,-0.029,0.00099175,0.05461125,0.0011445,1741836136.599554
-0.03825,-0.2735,-0.038,0.004074,0.053710997,0.0026245,1741836136.614649
-0.0405,-0.26125,-0.05775,0.009201,0.049621496,0.0059815003,1741836136.6288378
-0.03425,-0.236,-0.08675,0.009491,0.04515075,0.006546,1741836136.644963
-0.0275,-0.23175,-0.0815,0.0053252503,0.03477475,0.0054780003,1741836136.6581278
-0.01375,-0.2235,-0.066,0.0025025,0.03070075,0.00440975,1741836136.6743622
-0.01,-0.22075,-0.0415,-0.00216675,0.0253295,0.0018615,1741836136.687574
-0.0055,-0.231,0.0045,-0.0028229998,0.02565,0.00093075,1741836136.7022212
-0.00225,-0.24125,0.009,-0.0025940002,0.02687075,0.00057975,1741836136.716843
-0.00625,-0.24775,0.0195,-0.00059500005,0.02787775,0.00184625,1741836136.731435
-0.011,-0.244,0.0165,0.001007,0.02819825,0.002777,1741836136.746049
-0.01275,-0.24125,0.01325,0.0043335,0.02873225,0.0037385002,1741836136.7605388
-0.0095,-0.24875,0.02225,0.0060272496,0.02978525,0.004013,1741836136.775014
-0.00375,-0.257,-0.005,0.0072480002,0.03186025,0.0048217503,1741836136.789537
-0.00675,-0.25175,-0.05375,0.00688175,0.030716,0.0054015,1741836136.80496
-0.0185,-0.236,-0.1335,0.0051269997,0.02388,0.007843,1741836136.818948
-0.0055,-0.1975,-0.52775,-0.0020752498,0.00985725,0.0085755,1741836136.8354712
-0.0135,-0.197,-0.76725,-0.03338625,-0.064499,0.00030525,1741836136.848373
-0.19325,-0.2225,-0.924,-0.0408325,-0.1181335,-0.006073,1741836136.865053
-0.29225,-0.2565,-0.875,-0.014297499,-0.2031555,-0.010299751,1741836136.8782651
-0.4945,-0.3,-0.53375,-0.00531,-0.2329865,-0.0086975,1741836136.893118
-0.559,-0.281,-0.246,-0.02171325,-0.24305725,-0.0090637505,1741836136.9080691
-0.63025,-0.2235,0.124,-0.0386505,-0.226593,-0.0102845,1741836136.924531
-0.6555,-0.18975,0.331,-0.05767825,-0.18055725,-0.0046234997,1741836136.9376209
-0.66175,-0.15975,0.905,-0.04458625,-0.15187074,0.00328075,1741836136.952338
-0.606,-0.127,1.0,-0.01206975,-0.0760955,0.0150605,1741836136.967217
-0.39425,0.00075,0.6825,-0.00845325,-0.02787775,0.0141755,1741836136.981823
-0.254,0.033,0.204,-0.000824,0.03636175,0.00177,1741836136.996427
0.004,-0.1295,-0.18275,0.0016632499,0.03840625,-0.007187,1741836137.011067
0.074,-0.269,-0.09925,0.0068969997,0.0255585,-0.0168915,1741836137.0256371
0.08725,-0.4215,-0.03475,0.010147001,0.0222625,-0.014343251,1741836137.040362
0.06175,-0.40925,-0.07975,0.01251225,0.018341,-0.00839225,1741836137.055122
-0.012,-0.33025,-0.03825,0.0050965,0.00289925,0.00154125,1741836137.069586
-0.04725,-0.301,0.04175,0.00019825,-0.00305175,0.0035095,1741836137.0849652
-0.07175,-0.277,0.10875,-0.003769,-0.0027160002,0.00543225,1741836137.0989618
-0.07975,-0.2305,0.1345,-0.0040587503,0.001114,0.0060882503,1741836137.114906
-0.06825,-0.21275,0.11925,-0.0045012496,0.007843,0.005844,1741836137.128292
-0.0455,-0.19075,0.08275,-0.00469975,0.010024999,0.004593,1741836137.142962
-0.0405,-0.181,0.05975,-0.00283825,0.011260999,0.00010675,1741836137.157551
-0.036,-0.18875,0.0295,-0.0011445,0.010528499,-0.00267025,1741836137.172255
-0.0335,-0.21225,0.02575,-0.0003205,0.0078735,-0.0064239996,1741836137.186929
-0.0355,-0.25625,0.0405,-0.00054925,0.0068969997,-0.0064545004,1741836137.2016299
-0.0385,-0.26425,0.05375,-0.0003205,0.0068665,-0.003769,1741836137.216348
-0.04625,-0.25575,0.07725,-7.625e-05,0.0078125,-0.00213625,1741836137.231146
-0.05075,-0.247,0.082,-0.00125125,0.01048275,0.0007325,1741836137.245733
-0.05275,-0.2325,0.0875,-0.0025025,0.0119630005,0.0016785001,1741836137.260339
-0.05,-0.22925,0.09,-0.00352475,0.0153502505,0.00146475,1741836137.275024
-0.0415,-0.22925,0.0925,-0.00154125,0.01690675,0.00051875,1741836137.28963
-0.0385,-0.2325,0.0985,0.0044250004,0.02041625,-0.001709,1741836137.305012
-0.04275,-0.24175,0.1225,0.00567625,0.02285775,-0.002655,1741836137.319008
-0.049,-0.2435,0.125,0.0051880004,0.028854249,-0.0029145,1741836137.33458
-0.06075,-0.24175,0.11075,0.004486,0.03152475,-0.00213625,1741836137.348324
-0.06225,-0.23875,0.1015,0.0035704998,0.03373725,-0.00096125,1741836137.364908
-0.05325,-0.23475,0.083,0.00216675,0.0375365,0.00115975,1741836137.377598
-0.0495,-0.236,0.079,0.00198375,0.039322,0.00119025,1741836137.392158
-0.04725,-0.23975,0.08375,0.0029449998,0.04249575,-0.00042725,1741836137.4067159
-0.0475,-0.24275,0.09525,0.005249,0.044342,-0.0012055,1741836137.421323
-0.05,-0.24375,0.089,0.01228325,0.048294,-0.00137325,1741836137.436099
-0.0555,-0.23775,0.06525,0.014206001,0.049881,-0.00071725,1741836137.450826
-0.05725,-0.23075,0.056,0.013427749,0.05148325,0.00061025,1741836137.465405
-0.05525,-0.2215,0.04175,0.011901749,0.05154425,0.00074775,1741836137.4799218
-0.04975,-0.2175,0.03325,0.00817875,0.051498502,-0.00035100002,1741836137.495054
-0.03625,-0.21375,0.01025,0.00668325,0.05072025,-0.0016632499,1741836137.509134
-0.03,-0.22275,0.00425,0.004547,0.0470885,-0.0041810004,1741836137.524589
-0.023,-0.24325,0.01325,0.0034790002,0.0454865,-0.0043944996,1741836137.5383759
-0.02325,-0.243,0.01825,0.00402825,0.044281,-0.0033264998,1741836137.554317
-0.022,-0.2305,0.013,0.0049285004,0.04367075,-0.0028687501,1741836137.567669
-0.0205,-0.2225,0.012,0.0056304997,0.04234325,-0.00384525,1741836137.5823061
-0.01625,-0.231,0.013,0.0063477503,0.04216,-0.00485225,1741836137.597034
-0.014,-0.23975,0.00925,0.0077210004,0.042251498,-0.0054475004,1741836137.6116428
-0.01,-0.25725,-0.02475,0.0109709995,0.040664747,-0.00469975,1741836137.6263402
-0.00775,-0.26425,-0.03275,0.00947575,0.037917998,-0.0035704998,1741836137.641088
-0.007,-0.26425,-0.03175,0.0034942501,0.03208925,-0.0012970001,1741836137.655788
-0.0065,-0.24625,-0.0245,0.0024414998,0.029998751,-0.00054925,1741836137.670592
-0.0035,-0.23675,-0.02575,0.0049742498,0.02613825,-0.0001525,1741836137.685312
0.00925,-0.23325,-0.04225,0.00708,0.023834249,-0.00042725,1741836137.700042
0.013,-0.23675,-0.05225,0.007904,0.01890575,-0.0013427499,1741836137.714655
-0.00375,-0.237,-0.09775,0.0072175004,0.015747,-0.00157175,1741836137.729326
-0.00825,-0.2245,-0.1555,0.0062712496,0.0029907501,-0.00105275,1741836137.744988
-0.0165,-0.17725,-0.36275,0.0038757501,-0.009842,-0.00267025,1741836137.758929
-0.04175,-0.1965,-0.44775,-0.0055847503,-0.0487365,-0.010879501,1741836137.774692
-0.10575,-0.25525,-0.666,-0.0088195,-0.076660246,-0.014679,1741836137.7888021
-0.17825,-0.289,-0.676,-0.0196685,-0.1531525,-0.017517,1741836137.804149
-0.3625,-0.276,-0.566,-0.019989,-0.18435675,-0.015274,1741836137.818609
-0.4455,-0.2305,-0.4635,-0.01637275,-0.22259524,-0.013702501,1741836137.835119
-0.5745,-0.177,-0.10525,-0.02940375,-0.225296,-0.01722725,1741836137.8484411
-0.61725,-0.218,0.19675,-0.0482025,-0.20437625,-0.0154115,1741836137.864823
-0.621,-0.4445,0.98375,-0.033966,-0.18115225,-0.003891,1741836137.8780532
-0.561,-0.42025,1.0,-0.00302125,-0.074844256,0.027130252,1741836137.892859
-0.3465,-0.008,0.2485,-0.0025025,-0.01617425,0.03515625,1741836137.907637
-0.19775,0.0925,-0.176,-0.0056304997,0.016922,0.01908875,1741836137.922245
0.0135,-0.1145,-0.06525,-0.0013427499,0.009384249,0.00463875,1741836137.936791
0.06225,-0.2645,0.083,0.002472,0.009597749,-0.008255,1741836137.951329
0.07175,-0.36825,0.01725,0.0015565,0.0148315,-0.0060425,1741836137.9659011
0.03225,-0.342,-0.0415,0.00245675,0.015396,0.0018615,1741836137.980447
-0.06975,-0.26975,-0.002,0.0046539996,0.0122985,0.0045777503,1741836137.995004
-0.0935,-0.2405,0.0325,0.0047302498,0.009369001,0.006012,1741836138.009506
-0.10175,-0.224,0.07,0.001587,0.00767525,0.0045165,1741836138.024835
-0.0915,-0.21825,0.06875,0.002365,0.0093385,0.00355525,1741836138.038721
-0.07475,-0.21375,0.06025,0.0065917503,0.01171875,0.00148,1741836138.053237
-0.039,-0.22875,0.04525,0.00738525,0.012557999,0.00024425,1741836138.0676742
-0.03025,-0.2345,0.0315,0.00567625,0.014343251,-0.00099175,1741836138.082322
-0.01975,-0.24475,0.00525,0.00228875,0.014358499,-0.0012665,1741836138.097131
-0.02125,-0.251,0.00525,-0.0043944996,0.01351925,-0.0019989999,1741836138.111825
-0.0335,-0.252,0.0065,-0.0047150003,0.013214,-0.0020752498,1741836138.1266181
-0.0385,-0.24925,0.00375,-0.00325,0.011764499,-0.0017852499,1741836138.141309
-0.044,-0.24125,0.0105,-0.00270075,0.010589501,-0.00160225,1741836138.156071
-0.0425,-0.23725,0.01675,-0.00201425,0.00918575,-0.00125125,1741836138.170838
-0.032,-0.24125,0.029,-0.0022277501,0.009002751,-0.00109875,1741836138.185531
-0.02825,-0.24725,0.035,-0.00254825,0.009216251,-0.00068675,1741836138.2003179
-0.0275,-0.25125,0.038,-0.001587,0.009582501,-0.0003815,1741836138.2151191
-0.03,-0.24825,0.0345,-0.000824,0.0100555,0.00010675,1741836138.2297852
-0.03725,-0.24425,0.0405,-0.0013885,0.0101165,6.1000002e-05,1741836138.2452962
-0.04,-0.24625,0.0495,-0.001175,0.0115815,-0.00016775,1741836138.25917
-0.04275,-0.2525,0.07375,-0.00074775,0.013031,-0.00010675,1741836138.274871
-0.044,-0.25475,0.08625,0.000229,0.017807,-7.625e-05,1741836138.2883961
-0.05125,-0.25225,0.0955,0.0009765,0.021026501,-0.000183,1741836138.303005
-0.05625,-0.24825,0.0905,0.00169375,0.024353001,-0.00035100002,1741836138.3177118
-0.06125,-0.2485,0.09175,0.0020295,0.0302125,-0.00070200005,1741836138.332333
-0.06175,-0.2515,0.10425,0.0011445,0.0333405,-0.00064075,1741836138.3470411
-0.062,-0.251,0.118,-0.0014037499,0.04129025,0.0002595,1741836138.361711
-0.0645,-0.23775,0.1215,-0.0007325,0.04568475,0.001007,1741836138.376333
-0.0655,-0.2295,0.10975,0.005783,0.0533905,0.0021057501,1741836138.390947
-0.06625,-0.217,0.087,0.00883475,0.056198,0.00204475,1741836138.4054022
-0.06825,-0.21675,0.07725,0.011535751,0.060806252,0.00090025004,1741836138.419914
-0.07225,-0.22325,0.043,0.011612001,0.062759496,7.625e-05,1741836138.434508
-0.06875,-0.2315,0.02325,0.010162249,0.063400246,-0.0012970001,1741836138.449003
-0.05725,-0.255,-0.00375,0.009521499,0.0624085,-0.0011445,1741836138.464991
-0.0535,-0.26025,-0.0155,0.009781,0.060379002,0.0012207499,1741836138.478336
-0.045,-0.25425,-0.042,0.009094249,0.058730997,0.002533,1741836138.492977
-0.04075,-0.24375,-0.039,0.0047455,0.053100497,0.0033875,1741836138.5075269
-0.038,-0.23125,-0.0115,0.0030669998,0.051651,0.0027312501,1741836138.522181
-0.03475,-0.24075,-0.007,0.0029907501,0.051528998,0.00181575,1741836138.5368152
-0.03,-0.2535,-0.0225,0.0046234997,0.05099475,0.0015565,1741836138.55145
-0.027,-0.24925,-0.03725,0.0048979996,0.04954525,0.0021819999,1741836138.566132
-0.02,-0.25075,-0.0215,0.0042267498,0.04505925,0.00292975,1741836138.5808582
-0.0175,-0.25125,-0.0105,0.0047455,0.044326752,0.0032655,1741836138.5954509
-0.01575,-0.24425,-0.00675,0.00590525,0.045181252,0.004013,1741836138.610125
-0.012,-0.2445,0.00175,0.00611875,0.045089748,0.00402825,1741836138.624629
-0.0135,-0.24675,0.00875,0.006012,0.045516998,0.0045625,1741836138.639209
-0.0265,-0.22975,-0.0665,0.0065765,0.045471247,0.0047912505,1741836138.654918
-0.0385,-0.2225,-0.14575,0.011245751,0.035843,0.006546,1741836138.668283
-0.02925,-0.2045,-0.4545,0.00817875,0.022094749,0.0076599997,1741836138.6830132
-0.02125,-0.1975,-0.63925,-0.023071252,-0.034195,0.0028229998,1741836138.697731
-0.13375,-0.26,-0.8895,-0.037658747,-0.080246,-0.0032347501,1741836138.714258
-0.24625,-0.306,-0.8745,-0.01649475,-0.17587276,-0.003006,1741836138.727616
-0.49225,-0.2505,-0.73175,0.0015105,-0.21022025,0.00131225,1741836138.742332
-0.58375,-0.1925,-0.612,0.0090637505,-0.2538605,-0.007019,1741836138.757132
-0.6905,-0.15275,-0.20325,-0.0043182503,-0.25971976,-0.01852425,1741836138.7720509
-0.748,-0.173,0.06575,-0.064499,-0.2332915,-0.027130252,1741836138.7870212
-0.86525,-0.4185,0.895,-0.07080075,-0.21424875,-0.01200875,1741836138.801912
-0.8325,-0.4285,1.0,-0.0050202496,-0.1137695,0.02923575,1741836138.816639
-0.569,0.02725,0.54325,0.0068969997,-0.0265045,0.03550725,1741836138.8312461
-0.36175,0.15275,-0.0195,-0.01165775,0.05099475,0.0138702495,1741836138.845813
0.0,-0.08925,-0.238,-0.012832751,0.039688,-0.0012207499,1741836138.860613
0.095,-0.276,-0.054,-0.0097045,0.01849375,-0.0106965,1741836138.875346
0.15275,-0.39175,-0.0025,-0.00662225,0.01782225,-0.0053709997,1741836138.890135
0.12375,-0.34325,-0.078,-0.00154125,0.010437001,0.0052947504,1741836138.905437
0.0265,-0.249,-0.0685,0.00225825,0.00149525,0.00621025,1741836138.919219
-0.0225,-0.2345,0.02525,0.00302125,-0.0067902496,0.0045777503,1741836138.935293
-0.0615,-0.23675,0.115,-0.0021057501,-0.00903325,0.0005035,1741836138.948624
-0.09375,-0.239,0.17175,-0.001709,-0.0038605002,4.575e-05,1741836138.9650319
-0.085,-0.23325,0.16275,0.00090025004,0.00798025,0.00074775,1741836138.977955
-0.04775,-0.22525,0.09025,0.00112925,0.012313751,0.0009765,1741836138.992724
-0.027,-0.21875,0.04375,0.0007325,0.013733,-1.5250001e-05,1741836139.007283
-0.00025,-0.20225,-0.006,0.0005035,0.0115967505,-0.0013885,1741836139.022134
0.00175,-0.2045,-0.00025,-0.00070200005,0.006607,-0.00517275,1741836139.03681
-0.01175,-0.23375,0.04075,-0.0012970001,0.0050812503,-0.006363,1741836139.0515451
-0.024,-0.24625,0.05225,-0.001068,0.0045777503,-0.0056915004,1741836139.0663009
-0.03875,-0.25575,0.04375,-0.00039675,0.0043182503,-0.0043639997,1741836139.081111
-0.03725,-0.25525,0.04425,0.00109875,0.003418,-0.00177,1741836139.095711
-0.0295,-0.2525,0.04025,0.00096125,0.00343325,-0.0007935,1741836139.11032
-0.022,-0.25075,0.0305,-0.00131225,0.002365,0.000763,1741836139.125002
-0.0095,-0.248,0.0355,-0.00148,0.001526,0.0012207499,1741836139.139667
-0.0095,-0.246,0.044,-0.00065625,0.00080875,0.001587,1741836139.1549609
-0.012,-0.23425,0.0345,0.00010675,0.00016775,0.0014495,1741836139.1689332
-0.01375,-0.22975,0.03575,0.0015565,-0.001953,-0.000183,1741836139.1852238
-0.02675,-0.239,0.0665,0.0007325,-0.0022277501,-0.0013427499,1741836139.198312
-0.035,-0.2445,0.0755,-0.00013725001,-0.0016785001,-0.0020599999,1741836139.214488
-0.04925,-0.24925,0.08825,-0.0002595,0.00067150005,-0.00193775,1741836139.2278101
-0.05975,-0.256,0.126,-0.00064075,0.002884,-0.00160225,1741836139.2424982
-0.08775,-0.277,0.26225,-0.0055085,0.013702501,-0.00057975,1741836139.2572858
-0.097,-0.27775,0.2835,-0.008667,0.02268975,0.00054925,1741836139.272049
-0.1025,-0.26825,0.288,-0.0072937496,0.04318225,0.00302125,1741836139.2866712
-0.12075,-0.2585,0.39075,-0.0061339997,0.055542,0.003418,1741836139.301347
-0.144,-0.2485,0.39525,-0.0034790002,0.088028,0.004593,1741836139.316034
-0.1885,-0.18375,0.2495,0.00488275,0.10202025,0.0057220003,1741836139.3307111
-0.1975,-0.14125,0.17375,0.027435249,0.11738575,0.00520325,1741836139.345401
-0.204,-0.1045,0.05525,0.03421025,0.120849505,0.00279225,1741836139.3598962
-0.19775,-0.1195,-0.001,0.0390625,0.1227265,-0.00279225,1741836139.374944
-0.15475,-0.17725,-0.135,0.03971875,0.12086476,-0.00460825,1741836139.389272
-0.1235,-0.21525,-0.19375,0.0302125,0.105422996,-0.0053709997,1741836139.40497
-0.058,-0.26925,-0.24575,0.02186575,0.093628,-0.00434875,1741836139.418769
-0.032,-0.27625,-0.2465,0.011901749,0.068725504,-0.0003815,1741836139.435037
-0.00025,-0.25775,-0.2,0.0091705,0.0575715,0.001587,1741836139.44822
0.005,-0.237,-0.1685,0.0027465,0.042358503,0.0025940002,1741836139.462698
0.00375,-0.209,-0.11175,-0.00061025,0.037704498,0.0011445,1741836139.477252
0.0055,-0.21775,-0.1,-0.006256,0.031356752,-0.002533,1741836139.492024
0.01475,-0.25175,-0.1025,-0.0072785,0.02810675,-0.0033570002,1741836139.506794
0.0165,-0.2635,-0.0985,-0.0024414998,0.0203095,-0.00193775,1741836139.522861
0.01625,-0.265,-0.0705,0.001114,0.0168915,-0.00062550005,1741836139.536093
0.01475,-0.25825,-0.05425,0.0028074998,0.01445,0.00029,1741836139.55058
0.014,-0.2525,-0.037,-0.0001525,0.011917,0.0002595,1741836139.565265
0.0155,-0.246,-0.011,-0.0026854998,0.011749251,-0.00035100002,1741836139.580062
0.01725,-0.24475,-0.005,-0.0054780003,0.012085,-0.001709,1741836139.595289
0.022,-0.25475,-0.006,-0.0050202496,0.012176501,-0.0019685,1741836139.6095371
0.0215,-0.26125,-0.01275,-1.5250001e-05,0.01239025,-0.0003815,1741836139.624924
-0.004,-0.25275,-0.11325,0.0041044997,0.0115967505,0.001587,1741836139.6387289
-0.01075,-0.232,-0.28825,0.008255,-0.0076905,0.0068969997,1741836139.654772
-0.03725,-0.13275,-0.826,0.0013885,-0.0382995,0.00419625,1741836139.6680388
-0.153,-0.08475,-1.0,-0.01655575,-0.15171824,-0.01905825,1741836139.682996
-0.44,-0.14,-0.986,-0.001831,-0.20947275,-0.0302125,1741836139.697807
-0.5305,-0.17125,-0.822,0.01054375,-0.2637025,-0.0416565,1741836139.714547
-0.69725,-0.117,-0.34775,-0.0115815,-0.2663575,-0.04647825,1741836139.7275038
-0.784,-0.096,-0.122,-0.05844125,-0.24403375,-0.053588748,1741836139.7423968
-0.97275,-0.269,0.69575,-0.077591,-0.22619624,-0.04824825,1741836139.757247
-0.99675,-0.42625,1.0,-0.05163575,-0.1495055,-0.0017242499,1741836139.77214
-0.735,-0.2315,0.81925,-0.012695249,-0.0755005,0.0225525,1741836139.786798
-0.47125,-0.01275,0.227,0.0085602505,0.03591925,0.02970875,1741836139.801326
-0.007,0.00975,-0.355,0.0055847503,0.0379945,0.017685,1741836139.8159318
0.10075,-0.158,-0.16075,-0.0012207499,0.0143737495,-0.0046539996,1741836139.830525
0.163,-0.4015,0.033,0.00013725001,0.012741,-0.0070037497,1741836139.84572
0.12925,-0.4105,-0.031,0.00428775,0.010024999,-0.00149525,1741836139.859811
-0.0015,-0.32275,-0.0295,0.00541675,0.00434875,0.00177,1741836139.875165
-0.0635,-0.27975,0.042,0.0026854998,-0.0013275,0.0030975002,1741836139.889004
-0.11825,-0.2335,0.119,-0.00334175,-0.00314325,0.001709,1741836139.9050949
-0.11275,-0.2265,0.116,-0.00190725,0.00054925,0.00093075,1741836139.918415
-0.0935,-0.22575,0.0965,0.0007935,0.0085602505,0.000412,1741836139.932898
-0.04325,-0.23025,0.03425,-0.00062550005,0.010604749,0.0003205,1741836139.947477
-0.028,-0.23075,0.016,-0.0032195,0.010376001,0.00013725001,1741836139.9621131
-0.031,-0.22025,0.0285,-0.00331125,0.00962825,-4.575e-05,1741836139.976759
-0.042,-0.214,0.035,-0.00254825,0.00941475,-0.000885,1741836139.991507
-0.05775,-0.1995,0.044,-0.0025634998,0.009719751,-0.001709,1741836140.006294
-0.0615,-0.2015,0.052,-0.0040587503,0.01200875,-0.0049285004,1741836140.021044
-0.05975,-0.23825,0.0505,-0.00460825,0.013626001,-0.0060577504,1741836140.035754
-0.052,-0.25275,0.04575,-0.00352475,0.0153502505,-0.00520325,1741836140.050462
-0.0355,-0.266,0.051,-0.0025787498,0.0159455,-0.00384525,1741836140.065439
-0.0325,-0.2655,0.05925,-0.00112925,0.01814275,-0.0012817499,1741836140.079875
-0.037,-0.258,0.07275,-4.575e-05,0.01988225,-0.00086975005,1741836140.0954251
-0.04475,-0.25075,0.06775,0.00437925,0.02275075,-0.00077825,1741836140.10919
-0.05175,-0.2345,0.05075,0.0061645,0.022918751,-0.00071725,1741836140.124922
-0.048,-0.2325,0.049,0.00631725,0.022934001,-0.00093075,1741836140.1384058
-0.0365,-0.234,0.044,0.0056609996,0.02348325,-0.00160225,1741836140.152965
-0.03475,-0.2425,0.05125,0.0039215,0.0247345,-0.00369275,1741836140.167657
-0.04425,-0.26225,0.08475,0.00328075,0.02648925,-0.00411975,1741836140.1822789
-0.049,-0.26675,0.08875,0.0034484998,0.02920525,-0.0039215,1741836140.196945
-0.05575,-0.265,0.08675,0.0046845004,0.03382875,-0.00184625,1741836140.2115588
-0.065,-0.243,0.0745,0.00564575,0.035446253,-0.0001525,1741836140.226209
-0.05725,-0.2295,0.0545,0.0090637505,0.03724675,0.002884,1741836140.240751
-0.03675,-0.21675,0.01225,0.00975025,0.0372925,0.00276175,1741836140.2552562
-0.02875,-0.223,0.0035,0.0075682504,0.0365905,0.000229,1741836140.2697861
-0.0235,-0.24775,0.0175,0.006363,0.036514252,-0.00071725,1741836140.284908
-0.02575,-0.25575,0.03525,0.00596625,0.037384,-0.00042725,1741836140.2989628
-0.036,-0.25125,0.0495,0.0072785,0.038345248,0.0002135,1741836140.314898
-0.0395,-0.2425,0.04425,0.0090485,0.039184503,0.00105275,1741836140.3281229
-0.043,-0.22675,0.03075,0.008850001,0.039444,0.0010375,1741836140.342604
-0.0425,-0.22375,0.0215,0.00889575,0.0403595,0.00054925,1741836140.3570619
-0.0365,-0.2285,0.00625,0.008407501,0.040451,0.00016775,1741836140.3715682
-0.03175,-0.23275,0.01,0.0068665,0.04025275,-0.00030525,1741836140.386154
-0.02475,-0.253,0.0305,0.00314325,0.0410155,-0.00093075,1741836140.4007108
-0.02425,-0.259,0.032,0.0023345,0.0420685,-0.00059500005,1741836140.415402
-0.02625,-0.257,0.0265,0.0049285004,0.043396,0.00096125,1741836140.429954
-0.03175,-0.24425,0.012,0.0076295,0.043701246,0.00154125,1741836140.445132
-0.03275,-0.243,0.0115,0.0110625,0.04385375,0.0022277501,1741836140.458903
-0.032,-0.2385,0.03225,0.010681249,0.04344175,0.00228875,1741836140.475052
-0.03125,-0.2385,0.05525,0.0072632497,0.04483025,0.00184625,1741836140.4878871
-0.03475,-0.24625,0.05075,0.0057525,0.04872125,0.00198375,1741836140.502401
-0.03225,-0.25425,0.01325,0.0033264998,0.05488575,0.002884,1741836140.516907
-0.02975,-0.27625,-0.0815,0.00331125,0.053650003,0.0042725,1741836140.531462
-0.041,-0.26,-0.152,0.011627249,0.04039,0.009719751,1741836140.546101
-0.0325,-0.185,-0.44775,0.01324475,0.027069,0.0118407495,1741836140.560663
-0.01075,-0.1475,-0.70025,0.0049590003,0.0058135,0.010437001,1741836140.575325
-0.1395,-0.213,-0.98225,-0.024002,-0.0789185,-0.007431,1741836140.590235
-0.25725,-0.26675,-0.9525,-0.016998248,-0.13633725,-0.0139770005,1741836140.6051579
-0.499,-0.249,-0.71025,0.01197825,-0.2247925,-0.01766975,1741836140.619884
-0.58875,-0.2095,-0.44625,0.0057677496,-0.245224,-0.020477248,1741836140.635332
-0.70925,-0.15975,0.10325,-0.033370998,-0.2368775,-0.0300445,1741836140.649454
-0.763,-0.20425,0.444,-0.054992747,-0.2185515,-0.0316315,1741836140.665173
-0.79525,-0.3345,0.8325,-0.05137625,-0.1612395,-0.00773625,1741836140.679132
-0.68575,-0.32125,1.0,-0.0298615,-0.105514504,0.012847999,1741836140.695157
-0.524,-0.097,0.6915,-0.00187675,0.01808175,0.0313415,1741836140.708409
-0.11875,0.10425,-0.239,-7.625e-05,0.042328,0.02359,1741836140.724437
0.031,-0.01025,-0.28775,-0.0016175,0.027435249,-0.0032347501,1741836140.7377799
0.172,-0.33075,-0.0395,-0.002365,0.018280001,-0.0110625,1741836140.752504
0.17525,-0.41225,-0.022,-0.0044250004,0.011139,-0.0093385,1741836140.767273
0.082,-0.3905,-0.0675,-0.00364675,0.0068055,-0.0043639997,1741836140.7820039
0.02025,-0.344,-0.0445,-0.00175475,-0.00308225,0.0037537501,1741836140.7967849
-0.07025,-0.263,0.04525,-0.0026854998,-0.005844,0.0055237496,1741836140.8114402
-0.0875,-0.2385,0.07975,-0.00343325,-0.00531,0.0057677496,1741836140.826263
-0.08175,-0.214,0.114,-0.0024414998,-0.00251775,0.0052642496,1741836140.841019
-0.068,-0.2015,0.10825,-0.0009765,0.00419625,0.0039825,1741836140.855647
-0.0375,-0.17825,0.07625,-0.000946,0.0068207504,0.00231925,1741836140.87027
-0.03,-0.17925,0.057,-0.0016785001,0.0099945,-0.0026245,1741836140.8854752
-0.02675,-0.2025,0.0155,-0.0021515,0.0099945,-0.0046845004,1741836140.899799
-0.02825,-0.22075,0.00825,-0.0029755002,0.0079345,-0.00694275,1741836140.915392
-0.03925,-0.25575,0.02125,-0.00372325,0.0070037497,-0.007019,1741836140.929287
-0.04375,-0.2645,0.02925,-0.00372325,0.006256,-0.005249,1741836140.9453518
-0.0455,-0.265,0.051,-0.00231925,0.00646975,-0.0039825,1741836140.958787
-0.04575,-0.261,0.06075,-0.0012055,0.0085755,-0.00242625,1741836140.975219
-0.04525,-0.246,0.048,-0.001587,0.009719751,-0.00216675,1741836140.98816
-0.04125,-0.24075,0.03875,-0.00071725,0.010162249,-0.00216675,1741836141.002818
-0.03475,-0.25225,0.04525,0.001953,0.009734999,-0.002777,1741836141.017374
-0.03575,-0.26075,0.0565,0.00160225,0.00976575,-0.00279225,1741836141.031952
-0.03925,-0.26225,0.0695,0.0013427499,0.0111085,-0.0012970001,1741836141.046705
-0.05075,-0.2475,0.0995,0.002121,0.012847999,-0.0005645,1741836141.06128
-0.05625,-0.238,0.109,0.0031889998,0.01855475,-0.00042725,1741836141.075902
-0.0575,-0.226,0.11075,0.00245675,0.021759002,-0.00102225,1741836141.090494
-0.05475,-0.229,0.10225,-3.0500001e-05,0.02772525,-0.00305175,1741836141.105421
-0.05125,-0.24125,0.081,0.00013725001,0.030014,-0.003952,1741836141.119659
-0.05175,-0.245,0.07325,0.00381475,0.0331725,-0.00505075,1741836141.1353621
-0.053,-0.2515,0.07875,0.00491325,0.034149252,-0.0050812503,1741836141.148923
-0.05025,-0.24975,0.08475,0.0059205,0.0366515,-0.0034637498,1741836141.1648262
-0.04175,-0.23825,0.0825,0.00712575,0.0384675,-0.0024872501,1741836141.178101
-0.03825,-0.23125,0.07725,0.00891125,0.0430145,-0.0017242499,1741836141.1926348
-0.04375,-0.21575,0.0625,0.008926501,0.045471247,-0.00216675,1741836141.207191
-0.047,-0.21175,0.04975,0.009002751,0.048522998,-0.00413525,1741836141.2218812
-0.04475,-0.2165,0.03,0.008316,0.04837025,-0.0052795,1741836141.236458
-0.04375,-0.22275,0.035,0.0070342496,0.04733275,-0.0062407497,1741836141.2511182
-0.04425,-0.22825,0.0405,0.00488275,0.04721075,-0.006836,1741836141.265682
-0.05075,-0.2265,0.04,0.00416575,0.04904175,-0.0067445002,1741836141.28026
-0.05575,-0.22425,0.0335,0.003006,0.051773,-0.007309,1741836141.295129
-0.059,-0.2355,0.0075,0.00148,0.051239,-0.00782775,1741836141.3094568
-0.05925,-0.243,-0.00125,-0.00096125,0.048172,-0.0078125,1741836141.3246999
-0.05225,-0.25725,-0.00825,-0.0002595,0.0467225,-0.00708,1741836141.339031
-0.04525,-0.261,-0.00725,0.0027465,0.042984,-0.0046539996,1741836141.3548071
-0.0345,-0.2575,0.00225,0.00384525,0.040863,-0.0034790002,1741836141.368381
-0.03175,-0.24725,0.0085,0.0033570002,0.037475497,-0.00254825,1741836141.3840482
-0.0325,-0.244,0.0425,0.00157175,0.03645325,-0.00289925,1741836141.397677
-0.03525,-0.2525,0.0535,0.00033575002,0.0377655,-0.0025787498,1741836141.4121642
-0.03275,-0.27075,0.021,0.00065625,0.0385895,-0.00149525,1741836141.426624
-0.0305,-0.26875,0.017,0.00546275,0.037201,0.00216675,1741836141.441122
-0.03075,-0.25225,0.047,0.00903325,0.03695675,0.003891,1741836141.455582
-0.0325,-0.2525,0.0715,0.01171875,0.037597753,0.0050812503,1741836141.470075
-0.04275,-0.25,0.08775,0.015090999,0.042282,0.0074004997,1741836141.485087
-0.0445,-0.24125,0.0395,0.015579251,0.045929,0.008636501,1741836141.499072
-0.04325,-0.23825,-0.07225,0.0166625,0.041824248,0.0104065,1741836141.514781
-0.0285,-0.232,-0.34325,0.0169525,0.0289155,0.012756251,1741836141.528372
-0.00575,-0.19325,-0.59275,0.0054015,-0.026840251,0.0105742505,1741836141.5430348
-0.10675,-0.2025,-0.87425,-0.00491325,-0.0764465,0.000885,1741836141.5577972
-0.21525,-0.25175,-0.86,0.001175,-0.175644,-0.0135955,1741836141.572577
-0.409,-0.272,-0.695,0.009521499,-0.213333,-0.0150605,1741836141.587328
-0.4865,-0.30325,-0.4345,0.0122375,-0.248291,-0.01864625,1741836141.602079
-0.559,-0.3485,0.13125,0.0019685,-0.237915,-0.0190735,1741836141.6167731
-0.58125,-0.32025,0.35,-0.0259095,-0.18644725,-0.014145001,1741836141.631565
-0.5755,-0.288,0.78625,-0.03125,-0.15449525,-0.00845325,1741836141.64638
-0.5375,-0.28625,0.9445,-0.0149995005,-0.07872,0.00708,1741836141.6610649
-0.378,-0.164,0.69175,-0.0049742498,-0.04011525,0.0125885,1741836141.677401
-0.2505,-0.0935,0.34375,-0.004593,0.0139465,0.011535751,1741836141.690361
-0.00975,-0.12775,-0.109,-0.0056,0.0227355,0.0068969997,1741836141.7050502
0.05925,-0.19575,-0.1345,-0.0019685,0.015594499,-0.00143425,1741836141.719738
0.094,-0.28575,-0.08925,-0.0002135,0.009094249,-0.0019685,1741836141.734703
0.071,-0.28725,-0.06325,-0.0022735,-9.15e-05,-0.00013725001,1741836141.7492962
0.00125,-0.27775,0.0055,-0.0040587503,-0.001526,-0.00064075,1741836141.764839
-0.024,-0.295,0.04575,-0.0051574996,-0.00160225,-0.0012055,1741836141.7787929
-0.058,-0.2795,0.09025,-0.005066,0.0015565,0.001648,1741836141.794977
-0.0635,-0.249,0.08275,-0.00411975,0.00463875,0.0039215,1741836141.808026
-0.0575,-0.22225,0.05975,-0.0032195,0.009262,0.0056915004,1741836141.82256
-0.02225,-0.213,0.0185,-0.00440975,0.00997925,0.0049285004,1741836141.837185
-0.013,-0.2155,0.01,-0.00637825,0.009582501,0.0021057501,1741836141.8518589
-0.01825,-0.206,0.01825,-0.0050965,0.009094249,0.00042725,1741836141.866462
-0.0255,-0.20975,0.033,-0.003006,0.009140001,-0.00352475,1741836141.881141
-0.04625,-0.22975,0.04775,-0.0024414998,0.0099945,-0.00460825,1741836141.895832
-0.051,-0.237,0.04425,-0.001892,0.012085,-0.00416575,1741836141.910482
-0.04675,-0.249,0.02425,-0.0027465,0.012847999,-0.00340275,1741836141.925206
-0.04,-0.254,0.01525,-0.0057677496,0.01248175,-0.00181575,1741836141.939928
-0.028,-0.25975,0.013,-0.0065917503,0.01165775,-0.00109875,1741836141.954738
-0.023,-0.25725,0.01725,-0.0054015,0.010162249,0.000122000005,1741836141.969318
-0.01675,-0.24875,0.03675,-0.00466925,0.0097045,0.0001525,1741836141.984286
-0.0195,-0.245,0.04225,-0.0028687501,0.00975025,-0.00033575002,1741836141.9986749
-0.0265,-0.242,0.038,-0.00080875,0.009811499,-0.00048825,1741836142.015028
-0.0285,-0.24325,0.038,0.00239575,0.009445249,-0.00109875,1741836142.0279071
-0.03475,-0.24525,0.04575,0.00228875,0.009506251,-0.0014037499,1741836142.042571
-0.0365,-0.24625,0.05275,0.000534,0.010757499,-0.00193775,1741836142.0572019
-0.044,-0.24775,0.07575,-0.00016775,0.0122985,-0.0020752498,1741836142.071986
-0.04425,-0.248,0.096,-0.00027475,0.015090999,-0.00157175,1741836142.086685
-0.04275,-0.24825,0.1285,0.00030525,0.023193251,-0.001175,1741836142.101386
-0.0505,-0.24675,0.1395,0.000183,0.0273285,-0.0020295,1741836142.115963
-0.0555,-0.24675,0.1455,0.001007,0.036789,-0.0021057501,1741836142.130659
-0.0555,-0.24225,0.137,0.0016785001,0.041336,-0.00163275,1741836142.145422
-0.0555,-0.23375,0.12825,0.003418,0.049347,-0.00065625,1741836142.159928
-0.0535,-0.2235,0.10525,0.00485225,0.053710997,-0.000122000005,1741836142.174708
-0.0515,-0.22075,0.0905,0.00924675,0.0606385,-0.00065625,1741836142.189198
-0.05425,-0.22,0.07375,0.011810251,0.06333925,-0.00143425,1741836142.20493
-0.055,-0.2215,0.058,0.01554875,0.067276,-0.001953,1741836142.218388
-0.0525,-0.229,0.03175,0.015594499,0.06719975,-0.0019685,1741836142.233035
-0.05275,-0.22825,0.03075,0.01324475,0.06628425,-0.0019989999,1741836142.2476091
-0.0575,-0.22525,0.02325,0.012329,0.06755075,-0.00193775,1741836142.262151
-0.05275,-0.23275,-0.003,0.00842275,0.069213755,-0.002365,1741836142.276971
-0.0435,-0.25225,-0.00275,0.00643925,0.06649775,-0.0025940002,1741836142.2916942
-0.04475,-0.2625,-0.0035,0.0077210004,0.0620575,-0.001236,1741836142.306388
-0.045,-0.26325,-0.03425,0.0087585,0.0594635,9.15e-05,1741836142.321082
-0.04525,-0.2525,-0.04325,0.012054499,0.053710997,0.00216675,1741836142.335603
-0.03525,-0.24475,-0.05625,0.01301575,0.05078125,0.00267025,1741836142.350198
-0.02825,-0.24425,-0.03975,0.01278675,0.0477295,0.0029755002,1741836142.364884
-0.021,-0.24425,-0.03,0.01187125,0.04444875,0.003006,1741836142.379458
-0.012,-0.24875,-0.013,0.011886501,0.042861998,0.0025634998,1741836142.394866
-0.01225,-0.25425,-0.00625,0.012985251,0.041961752,0.00292975,1741836142.4086149
-0.022,-0.2615,-0.02825,0.014679,0.042282,0.004242,1741836142.424555
-0.0275,-0.2505,-0.0555,0.018341,0.039505,0.00717175,1741836142.4378371
-0.0365,-0.227,-0.168,0.01838675,0.03569025,0.00737,1741836142.452398
-0.037,-0.21725,-0.2835,0.013503999,0.01667775,0.0060577504,1741836142.466996
-0.0385,-0.191,-0.5975,0.00845325,-0.0047607496,0.0042267498,1741836142.4817312
-0.0765,-0.19625,-0.69425,-0.0021819999,-0.0715485,-0.005005,1741836142.496636
-0.24,-0.158,-0.87425,0.0016785001,-0.110565245,-0.010528499,1741836142.51145
-0.343,-0.1445,-0.83,0.00614925,-0.194046,-0.027404752,1741836142.526253
-0.50275,-0.15975,-0.61575,0.0025025,-0.22091675,-0.035141,1741836142.5410419
-0.56525,-0.1575,-0.4225,-0.02142325,-0.241104,-0.0459595,1741836142.5558531
-0.636,-0.13425,0.02325,-0.042511,-0.234909,-0.04730225,1741836142.5706859
-0.66025,-0.2105,0.332,-0.060608003,-0.21003725,-0.03541575,1741836142.58537
-0.6605,-0.523,1.0,-0.04208375,-0.1900635,-0.020172002,1741836142.600119
-0.62125,-0.48425,1.0,0.0012207499,-0.08035275,0.01716625,1741836142.6151512
-0.37925,-0.047,0.28325,-0.0030975002,-0.01071175,0.027007999,1741836142.629409
-0.21075,0.03325,-0.15025,-0.022354,0.0313415,0.013321,1741836142.6449358
0.028,-0.14125,-0.1745,-0.017212,0.0200805,0.00131225,1741836142.658627
0.09075,-0.26675,-0.03625,-0.01127625,0.01033025,-0.00688175,1741836142.6748989
0.1185,-0.351,0.019,-0.01361075,0.00712575,-0.0085755,1741836142.687802
0.07225,-0.35625,-0.01875,-0.014434749,0.00662225,-0.0054015,1741836142.7024379
0.02125,-0.3215,-0.0155,-0.0076905,0.0015565,0.00024425,1741836142.717043
-0.058,-0.26225,0.07125,-0.00587475,-0.0007325,0.001831,1741836142.731673
-0.07325,-0.24025,0.107,-0.004303,0.00105275,0.002884,1741836142.746298
-0.06825,-0.208,0.10925,-0.0021972498,0.00466925,0.002411,1741836142.76092
-0.052,-0.1975,0.0845,-0.00061025,0.01019275,-9.15e-05,1741836142.775667
-0.013,-0.18575,0.03775,-0.00096125,0.01077275,-0.00204475,1741836142.7903879
-0.00325,-0.1885,0.02425,1.5250001e-05,0.00982675,-0.0063477503,1741836142.805102
0.00175,-0.211,0.016,0.00045775,0.008788999,-0.0079345,1741836142.8194392
-0.004,-0.227,0.02425,0.00146475,0.0072632497,-0.00941475,1741836142.8347788
-0.02175,-0.254,0.0385,0.00238025,0.0070037497,-0.0088805,1741836142.848609
-0.0275,-0.26125,0.03875,0.0045625,0.00770575,-0.0057372497,1741836142.8648698
-0.033,-0.2605,0.034,0.0050965,0.00846875,-0.00411975,1741836142.877719
-0.0335,-0.263,0.0335,0.00355525,0.008667,-0.0031889998,1741836142.8923619
-0.0255,-0.264,0.007,-0.000824,0.0074920002,-0.0013580001,1741836142.907027
-0.0155,-0.25925,-0.008,-0.001175,0.0060577504,-0.000122000005,1741836142.921757
-0.0085,-0.256,-0.00675,-0.00279225,0.0026245,0.00035100002,1741836142.9364202
-0.0125,-0.2605,0.0305,-0.00354,0.0016785001,0.000122000005,1741836142.951039
-0.0195,-0.26075,0.04025,-0.0015565,0.001114,0.0007935,1741836142.965732
-0.027,-0.24125,0.03875,-0.00019825,0.00068675,0.00143425,1741836142.9803882
-0.031,-0.23375,0.03925,-0.00019825,0.00061025,0.0009765,1741836142.995292
-0.037,-0.2335,0.031,-0.00051875,0.00071725,0.000229,1741836143.009548
-0.0365,-0.23375,0.0295,0.000473,-0.000183,-0.000885,1741836143.024756
-0.035,-0.24375,0.04575,0.00030525,-0.000412,-0.0013275,1741836143.03892
-0.0345,-0.25,0.05025,-0.00102225,0.000534,-0.001175,1741836143.055091
-0.03175,-0.25,0.0425,-0.000763,0.001007,-0.00048825,1741836143.068335
-0.03,-0.24675,0.038,0.00029,0.00119025,0.00059500005,1741836143.084762
-0.02675,-0.2395,0.0345,0.00019825,0.0012055,0.00068675,1741836143.097575
-0.02575,-0.236,0.033,0.000534,0.00108325,0.0004425,1741836143.112043
-0.02475,-0.23175,0.0325,0.00057975,0.0008545,0.0001525,1741836143.1264799
-0.02475,-0.234,0.03375,0.0002135,0.00062550005,-0.000763,1741836143.1410282
-0.02925,-0.24025,0.037,0.000229,0.00064075,-0.001068,1741836143.155749
-0.03225,-0.2425,0.038,0.0002595,0.00070200005,-0.00115975,1741836143.1704261
-0.03425,-0.24475,0.041,0.00039675,0.001007,-0.00096125,1741836143.185178
-0.03525,-0.24875,0.0485,0.00070200005,0.0014037499,-0.00077825,1741836143.199595
-0.0345,-0.24825,0.05025,0.00125125,0.0025025,-0.00039675,1741836143.2148669
-0.03175,-0.24425,0.04825,0.0014495,0.00314325,-0.00042725,1741836143.228864
-0.02975,-0.2435,0.04525,0.00146475,0.0041810004,-0.0010375,1741836143.2446961
-0.028,-0.2475,0.038,0.0013427499,0.004547,-0.00143425,1741836143.2580538
-0.02875,-0.249,0.03625,0.0012207499,0.00494375,-0.00175475,1741836143.272604
-0.031,-0.24975,0.0385,0.00115975,0.0050812503,-0.0016785001,1741836143.287243
-0.03275,-0.25025,0.041,0.0017242499,0.0057677496,-0.0013580001,1741836143.301825
-0.03625,-0.244,0.0395,0.00231925,0.00614925,-0.00105275,1741836143.3164532
-0.03625,-0.2395,0.0375,0.00279225,0.00631725,-0.00080875,1741836143.331069
-0.03375,-0.23875,0.0335,0.00254825,0.0061950004,-0.0010375,1741836143.345676
-0.033,-0.24025,0.03175,0.00216675,0.0060425,-0.00177,1741836143.360291
-0.03125,-0.2455,0.03175,0.00216675,0.006073,-0.0021515,1741836143.374919
-0.03,-0.25,0.03175,0.0020295,0.0062255003,-0.002411,1741836143.3895261
-0.02575,-0.257,0.02525,0.001526,0.0064850003,-0.00201425,1741836143.4046452
-0.024,-0.2575,0.02275,0.0016632499,0.00637825,-0.001526,1741836143.418737
-0.0235,-0.25575,0.02025,0.0024872501,0.00570675,-0.00039675,1741836143.434589
-0.02425,-0.249,0.01425,0.0022125002,0.0049895,0.00013725001,1741836143.447883
-0.02525,-0.24575,0.01475,0.00067150005,0.00334175,0.0005645,1741836143.462369
-0.0275,-0.24075,0.022,0.00039675,0.00270075,0.000534,1741836143.476853
-0.028,-0.23975,0.0275,0.00045775,0.0021819999,-4.575e-05,1741836143.491554
-0.02825,-0.24375,0.035,0.00030525,0.0022277501,-0.0004425,1741836143.506156
-0.02725,-0.24675,0.03425,-3.0500001e-05,0.00213625,-0.00068675,1741836143.5209339
-0.02575,-0.2515,0.03375,0.000122000005,0.00204475,-0.00061025,1741836143.535538
-0.02625,-0.252,0.0315,0.0003815,0.00198375,-0.000183,1741836143.550129
-0.0285,-0.25025,0.02625,0.00048825,0.0017852499,0.0,1741836143.564678
-0.03,-0.24925,0.02825,0.00068675,0.00131225,3.0500001e-05,1741836143.579047
-0.03075,-0.2485,0.03675,0.00064075,0.00125125,-6.1000002e-05,1741836143.594878
-0.03,-0.24975,0.0395,0.0005645,0.00137325,-0.00019825,1741836143.608303
-0.02775,-0.25375,0.03525,-1.5250001e-05,0.0018615,-0.00016775,1741836143.62451
-0.027,-0.25425,0.03025,-0.0004425,0.00187675,0.00010675,1741836143.6374998
-0.0275,-0.2525,0.02475,-0.0005645,0.001419,0.000824,1741836143.65215
